<ImportExportXml version="9.2.22104.224" SolutionPackageVersion="9.2" languagecode="1033" generatedBy="CrmLive" xmlns:xsi="http://www.w3.org/2001/XMLSchema-instance">
  <SolutionManifest>
    <UniqueName>MSFT_CommsCenter</UniqueName>
    <LocalizedNames>
      <LocalizedName description="Bulletins" languagecode="1033" />
    </LocalizedNames>
    <Descriptions>
      <Description description="Create one place inside Teams to communicate important information about your org. Team members can browse—and bookmark—announcement posts and videos, FAQs, contacts, and links to web resources. Admins can create categories to organize information and extend the app’s functionality using the Microsoft Power Platform, to meet the unique needs of your org." languagecode="1033" />
    </Descriptions>
    <Version>1.0.560.3</Version>
    <Managed>1</Managed>
    <Publisher>
      <UniqueName>microsoftdynamics</UniqueName>
      <LocalizedNames>
        <LocalizedName description="Dynamics 365" languagecode="1033" />
      </LocalizedNames>
      <Descriptions>
        <Description description="Dynamics 365" languagecode="1033" />
      </Descriptions>
      <EMailAddress xsi:nil="true"></EMailAddress>
      <SupportingWebsiteUrl>http://crm.dynamics.com</SupportingWebsiteUrl>
      <CustomizationPrefix>msdyn</CustomizationPrefix>
      <CustomizationOptionValuePrefix>19235</CustomizationOptionValuePrefix>
      <Addresses>
        <Address>
          <AddressNumber>1</AddressNumber>
          <AddressTypeCode>1</AddressTypeCode>
          <City xsi:nil="true"></City>
          <County xsi:nil="true"></County>
          <Country xsi:nil="true"></Country>
          <Fax xsi:nil="true"></Fax>
          <FreightTermsCode xsi:nil="true"></FreightTermsCode>
          <ImportSequenceNumber xsi:nil="true"></ImportSequenceNumber>
          <Latitude xsi:nil="true"></Latitude>
          <Line1 xsi:nil="true"></Line1>
          <Line2 xsi:nil="true"></Line2>
          <Line3 xsi:nil="true"></Line3>
          <Longitude xsi:nil="true"></Longitude>
          <Name xsi:nil="true"></Name>
          <PostalCode xsi:nil="true"></PostalCode>
          <PostOfficeBox xsi:nil="true"></PostOfficeBox>
          <PrimaryContactName xsi:nil="true"></PrimaryContactName>
          <ShippingMethodCode>1</ShippingMethodCode>
          <StateOrProvince xsi:nil="true"></StateOrProvince>
          <Telephone1 xsi:nil="true"></Telephone1>
          <Telephone2 xsi:nil="true"></Telephone2>
          <Telephone3 xsi:nil="true"></Telephone3>
          <TimeZoneRuleVersionNumber xsi:nil="true"></TimeZoneRuleVersionNumber>
          <UPSZone xsi:nil="true"></UPSZone>
          <UTCOffset xsi:nil="true"></UTCOffset>
          <UTCConversionTimeZoneCode xsi:nil="true"></UTCConversionTimeZoneCode>
        </Address>
        <Address>
          <AddressNumber>2</AddressNumber>
          <AddressTypeCode>1</AddressTypeCode>
          <City xsi:nil="true"></City>
          <County xsi:nil="true"></County>
          <Country xsi:nil="true"></Country>
          <Fax xsi:nil="true"></Fax>
          <FreightTermsCode xsi:nil="true"></FreightTermsCode>
          <ImportSequenceNumber xsi:nil="true"></ImportSequenceNumber>
          <Latitude xsi:nil="true"></Latitude>
          <Line1 xsi:nil="true"></Line1>
          <Line2 xsi:nil="true"></Line2>
          <Line3 xsi:nil="true"></Line3>
          <Longitude xsi:nil="true"></Longitude>
          <Name xsi:nil="true"></Name>
          <PostalCode xsi:nil="true"></PostalCode>
          <PostOfficeBox xsi:nil="true"></PostOfficeBox>
          <PrimaryContactName xsi:nil="true"></PrimaryContactName>
          <ShippingMethodCode>1</ShippingMethodCode>
          <StateOrProvince xsi:nil="true"></StateOrProvince>
          <Telephone1 xsi:nil="true"></Telephone1>
          <Telephone2 xsi:nil="true"></Telephone2>
          <Telephone3 xsi:nil="true"></Telephone3>
          <TimeZoneRuleVersionNumber xsi:nil="true"></TimeZoneRuleVersionNumber>
          <UPSZone xsi:nil="true"></UPSZone>
          <UTCOffset xsi:nil="true"></UTCOffset>
          <UTCConversionTimeZoneCode xsi:nil="true"></UTCConversionTimeZoneCode>
        </Address>
      </Addresses>
    </Publisher>
    <RootComponents>
      <RootComponent type="1" schemaName="msft_bulletin" behavior="0" />
      <RootComponent type="1" schemaName="msft_bulletin_bookmark" behavior="0" />
      <RootComponent type="1" schemaName="msft_bulletin_category" behavior="0" />
      <RootComponent type="1" schemaName="msft_bulletin_categorypreference" behavior="0" />
      <RootComponent type="1" schemaName="msft_bulletin_contact" behavior="0" />
      <RootComponent type="1" schemaName="msft_bulletin_faq" behavior="0" />
      <RootComponent type="1" schemaName="msft_bulletin_faqcategory" behavior="0" />
      <RootComponent type="1" schemaName="msft_bulletin_link" behavior="0" />
      <RootComponent type="1" schemaName="msft_bulletin_linkcategory" behavior="0" />
      <RootComponent type="1" schemaName="msft_bulletin_readreceipt" behavior="0" />
      <RootComponent type="1" schemaName="msft_bulletin_usersetting" behavior="0" />
      <RootComponent type="9" schemaName="msft_bulletin_approvalstatuscode" behavior="0" />
      <RootComponent type="9" schemaName="msft_bulletin_faq_approvalstatuscode" behavior="0" />
      <RootComponent type="9" schemaName="msft_bulletin_featuredtimeframecode" behavior="0" />
      <RootComponent type="9" schemaName="msft_bulletin_publicationstatuscode" behavior="0" />
      <RootComponent type="9" schemaName="msft_bulletin_typecode" behavior="0" />
      <RootComponent type="300" schemaName="msft_bulletins_15705" behavior="0" />
      <RootComponent type="300" schemaName="msft_managebulletins_c25aa" behavior="0" />
    </RootComponents>
    <MissingDependencies />
  </SolutionManifest>
</ImportExportXml>