<ImportExportXml version="9.2.22104.224" SolutionPackageVersion="9.2" languagecode="1033" generatedBy="CrmLive" xmlns:xsi="http://www.w3.org/2001/XMLSchema-instance">
  <SolutionManifest>
    <UniqueName>MSFT_AreaInspection</UniqueName>
    <LocalizedNames>
      <LocalizedName description="Area Inspection" languagecode="1033" />
    </LocalizedNames>
    <Descriptions />
    <Version>1.0.812.4</Version>
    <Managed>1</Managed>
    <Publisher>
      <UniqueName>microsoftdynamics</UniqueName>
      <LocalizedNames>
        <LocalizedName description="Dynamics 365" languagecode="1033" />
      </LocalizedNames>
      <Descriptions>
        <Description description="Dynamics 365" languagecode="1033" />
      </Descriptions>
      <EMailAddress xsi:nil="true"></EMailAddress>
      <SupportingWebsiteUrl>http://crm.dynamics.com</SupportingWebsiteUrl>
      <CustomizationPrefix>msdyn</CustomizationPrefix>
      <CustomizationOptionValuePrefix>19235</CustomizationOptionValuePrefix>
      <Addresses>
        <Address>
          <AddressNumber>1</AddressNumber>
          <AddressTypeCode>1</AddressTypeCode>
          <City xsi:nil="true"></City>
          <County xsi:nil="true"></County>
          <Country xsi:nil="true"></Country>
          <Fax xsi:nil="true"></Fax>
          <FreightTermsCode xsi:nil="true"></FreightTermsCode>
          <ImportSequenceNumber xsi:nil="true"></ImportSequenceNumber>
          <Latitude xsi:nil="true"></Latitude>
          <Line1 xsi:nil="true"></Line1>
          <Line2 xsi:nil="true"></Line2>
          <Line3 xsi:nil="true"></Line3>
          <Longitude xsi:nil="true"></Longitude>
          <Name xsi:nil="true"></Name>
          <PostalCode xsi:nil="true"></PostalCode>
          <PostOfficeBox xsi:nil="true"></PostOfficeBox>
          <PrimaryContactName xsi:nil="true"></PrimaryContactName>
          <ShippingMethodCode>1</ShippingMethodCode>
          <StateOrProvince xsi:nil="true"></StateOrProvince>
          <Telephone1 xsi:nil="true"></Telephone1>
          <Telephone2 xsi:nil="true"></Telephone2>
          <Telephone3 xsi:nil="true"></Telephone3>
          <TimeZoneRuleVersionNumber xsi:nil="true"></TimeZoneRuleVersionNumber>
          <UPSZone xsi:nil="true"></UPSZone>
          <UTCOffset xsi:nil="true"></UTCOffset>
          <UTCConversionTimeZoneCode xsi:nil="true"></UTCConversionTimeZoneCode>
        </Address>
        <Address>
          <AddressNumber>2</AddressNumber>
          <AddressTypeCode>1</AddressTypeCode>
          <City xsi:nil="true"></City>
          <County xsi:nil="true"></County>
          <Country xsi:nil="true"></Country>
          <Fax xsi:nil="true"></Fax>
          <FreightTermsCode xsi:nil="true"></FreightTermsCode>
          <ImportSequenceNumber xsi:nil="true"></ImportSequenceNumber>
          <Latitude xsi:nil="true"></Latitude>
          <Line1 xsi:nil="true"></Line1>
          <Line2 xsi:nil="true"></Line2>
          <Line3 xsi:nil="true"></Line3>
          <Longitude xsi:nil="true"></Longitude>
          <Name xsi:nil="true"></Name>
          <PostalCode xsi:nil="true"></PostalCode>
          <PostOfficeBox xsi:nil="true"></PostOfficeBox>
          <PrimaryContactName xsi:nil="true"></PrimaryContactName>
          <ShippingMethodCode>1</ShippingMethodCode>
          <StateOrProvince xsi:nil="true"></StateOrProvince>
          <Telephone1 xsi:nil="true"></Telephone1>
          <Telephone2 xsi:nil="true"></Telephone2>
          <Telephone3 xsi:nil="true"></Telephone3>
          <TimeZoneRuleVersionNumber xsi:nil="true"></TimeZoneRuleVersionNumber>
          <UPSZone xsi:nil="true"></UPSZone>
          <UTCOffset xsi:nil="true"></UTCOffset>
          <UTCConversionTimeZoneCode xsi:nil="true"></UTCConversionTimeZoneCode>
        </Address>
      </Addresses>
    </Publisher>
    <RootComponents>
      <RootComponent type="1" schemaName="msft_areainspection" behavior="0" />
      <RootComponent type="1" schemaName="msft_areainspectionimage" behavior="0" />
      <RootComponent type="1" schemaName="msft_areainspectionlabel" behavior="0" />
      <RootComponent type="1" schemaName="msft_areainspections_teamssettings" behavior="0" />
      <RootComponent type="1" schemaName="msft_areainspectionusersetting" behavior="0" />
      <RootComponent type="1" schemaName="msft_areainspection_checklist" behavior="0" />
      <RootComponent type="1" schemaName="msft_areainspection_checkliststep" behavior="0" />
      <RootComponent type="1" schemaName="msft_areainspection_location" behavior="0" />
      <RootComponent type="1" schemaName="msft_areainspection_locationtype" behavior="0" />
      <RootComponent type="1" schemaName="msft_areainspection_plannertasks" behavior="0" />
      <RootComponent type="1" schemaName="msft_areainspection_step" behavior="0" />
      <RootComponent type="9" schemaName="msft_areainspectionreviewstatuscode" behavior="0" />
      <RootComponent type="9" schemaName="msft_areainspection_outcomecode" behavior="0" />
      <RootComponent type="9" schemaName="msft_areainspection_severitycode" behavior="0" />
      <RootComponent type="9" schemaName="msft_areainspection_worktypecode" behavior="0" />
      <RootComponent type="300" schemaName="msft_areainspectionmanager_a6427" behavior="0" />
      <RootComponent type="300" schemaName="msft_areainspection_9036a" behavior="0" />
      <RootComponent type="300" schemaName="msft_reviewinspections_1dd45" behavior="0" />
      <RootComponent type="431" schemaName="msft_areainspectionimage msft_image" behavior="0" />
      <RootComponent type="431" schemaName="msft_areainspection_checkliststep msft_image" behavior="0" />
      <RootComponent type="431" schemaName="msft_areainspection_location msft_primaryimage" behavior="0" />
      <RootComponent type="431" schemaName="msft_areainspection_locationtype msft_image" behavior="0" />
      <RootComponent type="432" schemaName="msft_areainspectionimage" behavior="0" />
      <RootComponent type="432" schemaName="msft_areainspection_checkliststep" behavior="0" />
      <RootComponent type="432" schemaName="msft_areainspection_location" behavior="0" />
      <RootComponent type="432" schemaName="msft_areainspection_locationtype" behavior="0" />
    </RootComponents>
    <MissingDependencies />
  </SolutionManifest>
</ImportExportXml>