<?xml version="1.0" encoding="utf-8"?>
<Entity xmlns:xsi="http://www.w3.org/2001/XMLSchema-instance">
  <EntityInfo>
    <entity Name="pm_staffmember"
            OwnershipType="UserOwned"
            EntitySetName="pm_staffmembers"
            IsCustomEntity="1"
            IsActivity="0"
            IsActivityParty="0"
            IsAuditEnabled="1"
            IsBPFEntity="0"
            IsChildEntity="0"
            IsConnectionsEnabled="0"
            IsCustomizable="1"
            IsDocumentManagementEnabled="0"
            IsDocumentRecommendationsEnabled="0"
            IsDuplicateDetectionEnabled="0"
            IsEnabledForCharts="0"
            IsEnabledForExternalChannels="0"
            IsEnabledForTrace="0"
            IsImportable="1"
            IsInteractionCentricEnabled="0"
            IsIntersect="0"
            IsKnowledgeManagementEnabled="0"
            IsMailMergeEnabled="0"
            IsMappable="1"
            IsOfflineInMobileClient="0"
            IsOneNoteIntegrationEnabled="0"
            IsOptimisticConcurrencyEnabled="1"
            IsPrivate="0"
            IsQuickCreateEnabled="0"
            IsReadingPaneEnabled="1"
            IsReadOnlyInMobileClient="0"
            IsRenameable="1"
            IsSLAEnabled="0"
            IsStateModelAware="1"
            IsValidForAdvancedFind="1"
            IsValidForQueue="0"
            IsVisibleInMobile="0"
            IsVisibleInMobileClient="1"
            ReportViewName="Filteredpm_staffmember"
            IntroducedVersion="1.0.0.0">
      <LocalizedNames>
        <LocalizedName description="Staff Member" languagecode="1033" />
      </LocalizedNames>
      <LocalizedCollectionNames>
        <LocalizedCollectionName description="Staff Members" languagecode="1033" />
      </LocalizedCollectionNames>
      <Descriptions>
        <Description description="Store information about employees being evaluated" languagecode="1033" />
      </Descriptions>
      <attributes>
        <attribute PhysicalName="pm_staffmemberid">
          <Type>primarykey</Type>
          <Name>pm_staffmemberid</Name>
          <LogicalName>pm_staffmemberid</LogicalName>
          <RequiredLevel>systemrequired</RequiredLevel>
          <DisplayMask>ValidForAdvancedFind</DisplayMask>
          <IsPrimaryId>1</IsPrimaryId>
          <IsValidForCreate>0</IsValidForCreate>
          <IsValidForRead>1</IsValidForRead>
          <IsValidForUpdate>0</IsValidForUpdate>
          <IsCustomField>0</IsCustomField>
          <IsAuditEnabled>1</IsAuditEnabled>
          <IsSecured>0</IsSecured>
          <IntroducedVersion>1.0.0.0</IntroducedVersion>
          <IsCustomizable>1</IsCustomizable>
          <IsRenameable>0</IsRenameable>
          <CanModifySearchSettings>1</CanModifySearchSettings>
          <CanModifyRequirementLevelSettings>0</CanModifyRequirementLevelSettings>
          <CanModifyAdditionalSettings>1</CanModifyAdditionalSettings>
          <displaynames>
            <displayname description="Staff Member ID" languagecode="1033" />
          </displaynames>
          <Descriptions>
            <Description description="Unique identifier for Staff Member instances" languagecode="1033" />
          </Descriptions>
        </attribute>
        <attribute PhysicalName="pm_name">
          <Type>nvarchar</Type>
          <Name>pm_name</Name>
          <LogicalName>pm_name</LogicalName>
          <RequiredLevel>applicationrequired</RequiredLevel>
          <DisplayMask>ValidForAdvancedFind</DisplayMask>
          <IsPrimaryName>1</IsPrimaryName>
          <Length>100</Length>
          <IntroducedVersion>1.0.0.0</IntroducedVersion>
          <IsCustomizable>1</IsCustomizable>
          <IsRenameable>1</IsRenameable>
          <CanModifySearchSettings>1</CanModifySearchSettings>
          <CanModifyRequirementLevelSettings>1</CanModifyRequirementLevelSettings>
          <CanModifyAdditionalSettings>1</CanModifyAdditionalSettings>
          <displaynames>
            <displayname description="Name" languagecode="1033" />
          </displaynames>
          <Descriptions>
            <Description description="Full name of the staff member" languagecode="1033" />
          </Descriptions>
        </attribute>
        <attribute PhysicalName="pm_employeeid">
          <Type>nvarchar</Type>
          <Name>pm_employeeid</Name>
          <LogicalName>pm_employeeid</LogicalName>
          <RequiredLevel>none</RequiredLevel>
          <DisplayMask>ValidForAdvancedFind</DisplayMask>
          <Length>50</Length>
          <IntroducedVersion>1.0.0.0</IntroducedVersion>
          <IsCustomizable>1</IsCustomizable>
          <IsRenameable>1</IsRenameable>
          <CanModifySearchSettings>1</CanModifySearchSettings>
          <CanModifyRequirementLevelSettings>1</CanModifyRequirementLevelSettings>
          <CanModifyAdditionalSettings>1</CanModifyAdditionalSettings>
          <displaynames>
            <displayname description="Employee ID" languagecode="1033" />
          </displaynames>
          <Descriptions>
            <Description description="Unique employee identification number" languagecode="1033" />
          </Descriptions>
        </attribute>
        <attribute PhysicalName="pm_positiontitle">
          <Type>nvarchar</Type>
          <Name>pm_positiontitle</Name>
          <LogicalName>pm_positiontitle</LogicalName>
          <RequiredLevel>none</RequiredLevel>
          <DisplayMask>ValidForAdvancedFind</DisplayMask>
          <Length>200</Length>
          <IntroducedVersion>1.0.0.0</IntroducedVersion>
          <IsCustomizable>1</IsCustomizable>
          <IsRenameable>1</IsRenameable>
          <CanModifySearchSettings>1</CanModifySearchSettings>
          <CanModifyRequirementLevelSettings>1</CanModifyRequirementLevelSettings>
          <CanModifyAdditionalSettings>1</CanModifyAdditionalSettings>
          <displaynames>
            <displayname description="Position Title" languagecode="1033" />
          </displaynames>
          <Descriptions>
            <Description description="Job title or position" languagecode="1033" />
          </Descriptions>
        </attribute>
        <attribute PhysicalName="pm_supervisor">
          <Type>lookup</Type>
          <Name>pm_supervisor</Name>
          <LogicalName>pm_supervisor</LogicalName>
          <RequiredLevel>none</RequiredLevel>
          <DisplayMask>ValidForAdvancedFind</DisplayMask>
          <IntroducedVersion>1.0.0.0</IntroducedVersion>
          <IsCustomizable>1</IsCustomizable>
          <IsRenameable>1</IsRenameable>
          <CanModifySearchSettings>1</CanModifySearchSettings>
          <CanModifyRequirementLevelSettings>1</CanModifyRequirementLevelSettings>
          <CanModifyAdditionalSettings>1</CanModifyAdditionalSettings>
          <Targets>
            <Target>systemuser</Target>
          </Targets>
          <displaynames>
            <displayname description="Supervisor" languagecode="1033" />
          </displaynames>
          <Descriptions>
            <Description description="Supervisor or manager of this staff member" languagecode="1033" />
          </Descriptions>
        </attribute>
        <attribute PhysicalName="pm_startdate">
          <Type>datetime</Type>
          <Name>pm_startdate</Name>
          <LogicalName>pm_startdate</LogicalName>
          <RequiredLevel>none</RequiredLevel>
          <DisplayMask>ValidForAdvancedFind</DisplayMask>
          <Format>DateOnly</Format>
          <IntroducedVersion>1.0.0.0</IntroducedVersion>
          <IsCustomizable>1</IsCustomizable>
          <IsRenameable>1</IsRenameable>
          <CanModifySearchSettings>1</CanModifySearchSettings>
          <CanModifyRequirementLevelSettings>1</CanModifyRequirementLevelSettings>
          <CanModifyAdditionalSettings>1</CanModifyAdditionalSettings>
          <displaynames>
            <displayname description="Start Date" languagecode="1033" />
          </displaynames>
          <Descriptions>
            <Description description="Date the staff member started in this position" languagecode="1033" />
          </Descriptions>
        </attribute>
        <attribute PhysicalName="pm_status">
          <Type>picklist</Type>
          <Name>pm_status</Name>
          <LogicalName>pm_status</LogicalName>
          <RequiredLevel>none</RequiredLevel>
          <DisplayMask>ValidForAdvancedFind</DisplayMask>
          <IntroducedVersion>1.0.0.0</IntroducedVersion>
          <IsCustomizable>1</IsCustomizable>
          <IsRenameable>1</IsRenameable>
          <CanModifySearchSettings>1</CanModifySearchSettings>
          <CanModifyRequirementLevelSettings>1</CanModifyRequirementLevelSettings>
          <CanModifyAdditionalSettings>1</CanModifyAdditionalSettings>
          <displaynames>
            <displayname description="Status" languagecode="1033" />
          </displaynames>
          <Descriptions>
            <Description description="Employment status" languagecode="1033" />
          </Descriptions>
          <optionset Name="pm_status">
            <IsSorted>0</IsSorted>
            <IsGlobal>0</IsGlobal>
            <IntroducedVersion>1.0.0.0</IntroducedVersion>
            <options>
              <option value="1">
                <labels>
                  <label description="Active" languagecode="1033" />
                </labels>
              </option>
              <option value="2">
                <labels>
                  <label description="Inactive" languagecode="1033" />
                </labels>
              </option>
            </options>
          </optionset>
        </attribute>

        <!-- Standard Dataverse System Fields -->
        <attribute PhysicalName="CreatedBy">
          <Type>lookup</Type>
          <Name>createdby</Name>
          <LogicalName>createdby</LogicalName>
          <RequiredLevel>none</RequiredLevel>
          <DisplayMask>ValidForAdvancedFind</DisplayMask>
          <IsValidForCreate>0</IsValidForCreate>
          <IsValidForRead>1</IsValidForRead>
          <IsValidForUpdate>0</IsValidForUpdate>
          <IsCustomField>0</IsCustomField>
          <IsAuditEnabled>0</IsAuditEnabled>
          <IsSecured>0</IsSecured>
          <IntroducedVersion>1.0.0.0</IntroducedVersion>
          <IsCustomizable>1</IsCustomizable>
          <IsRenameable>1</IsRenameable>
          <CanModifySearchSettings>1</CanModifySearchSettings>
          <CanModifyRequirementLevelSettings>1</CanModifyRequirementLevelSettings>
          <CanModifyAdditionalSettings>1</CanModifyAdditionalSettings>
          <LookupStyle>single</LookupStyle>
          <LookupTypes />
          <displaynames>
            <displayname description="Created By" languagecode="1033" />
          </displaynames>
          <Descriptions>
            <Description description="Unique identifier of the user who created the record." languagecode="1033" />
          </Descriptions>
        </attribute>
        <attribute PhysicalName="CreatedOn">
          <Type>datetime</Type>
          <Name>createdon</Name>
          <LogicalName>createdon</LogicalName>
          <RequiredLevel>none</RequiredLevel>
          <DisplayMask>ValidForAdvancedFind</DisplayMask>
          <IsValidForCreate>0</IsValidForCreate>
          <IsValidForRead>1</IsValidForRead>
          <IsValidForUpdate>0</IsValidForUpdate>
          <IsCustomField>0</IsCustomField>
          <IsAuditEnabled>0</IsAuditEnabled>
          <IsSecured>0</IsSecured>
          <IntroducedVersion>1.0.0.0</IntroducedVersion>
          <IsCustomizable>1</IsCustomizable>
          <IsRenameable>1</IsRenameable>
          <CanModifySearchSettings>1</CanModifySearchSettings>
          <CanModifyRequirementLevelSettings>1</CanModifyRequirementLevelSettings>
          <CanModifyAdditionalSettings>1</CanModifyAdditionalSettings>
          <Format>datetime</Format>
          <Behavior>1</Behavior>
          <displaynames>
            <displayname description="Created On" languagecode="1033" />
          </displaynames>
          <Descriptions>
            <Description description="Date and time when the record was created." languagecode="1033" />
          </Descriptions>
        </attribute>
        <attribute PhysicalName="CreatedOnBehalfBy">
          <Type>lookup</Type>
          <Name>createdonbehalfby</Name>
          <LogicalName>createdonbehalfby</LogicalName>
          <RequiredLevel>none</RequiredLevel>
          <DisplayMask>ValidForAdvancedFind</DisplayMask>
          <IsValidForCreate>0</IsValidForCreate>
          <IsValidForRead>1</IsValidForRead>
          <IsValidForUpdate>0</IsValidForUpdate>
          <IsCustomField>0</IsCustomField>
          <IsAuditEnabled>0</IsAuditEnabled>
          <IsSecured>0</IsSecured>
          <IntroducedVersion>1.0.0.0</IntroducedVersion>
          <IsCustomizable>1</IsCustomizable>
          <IsRenameable>1</IsRenameable>
          <CanModifySearchSettings>1</CanModifySearchSettings>
          <CanModifyRequirementLevelSettings>1</CanModifyRequirementLevelSettings>
          <CanModifyAdditionalSettings>1</CanModifyAdditionalSettings>
          <LookupStyle>single</LookupStyle>
          <LookupTypes />
          <displaynames>
            <displayname description="Created By (Delegate)" languagecode="1033" />
          </displaynames>
          <Descriptions>
            <Description description="Unique identifier of the delegate user who created the record." languagecode="1033" />
          </Descriptions>
        </attribute>
        <attribute PhysicalName="ImportSequenceNumber">
          <Type>int</Type>
          <Name>importsequencenumber</Name>
          <LogicalName>importsequencenumber</LogicalName>
          <RequiredLevel>none</RequiredLevel>
          <DisplayMask>ValidForAdvancedFind</DisplayMask>
          <IsValidForCreate>1</IsValidForCreate>
          <IsValidForRead>1</IsValidForRead>
          <IsValidForUpdate>0</IsValidForUpdate>
          <IsCustomField>0</IsCustomField>
          <IsAuditEnabled>1</IsAuditEnabled>
          <IsSecured>0</IsSecured>
          <IntroducedVersion>1.0.0.0</IntroducedVersion>
          <IsCustomizable>1</IsCustomizable>
          <IsRenameable>1</IsRenameable>
          <CanModifySearchSettings>1</CanModifySearchSettings>
          <CanModifyRequirementLevelSettings>1</CanModifyRequirementLevelSettings>
          <CanModifyAdditionalSettings>1</CanModifyAdditionalSettings>
          <MinValue>-2147483648</MinValue>
          <MaxValue>2147483647</MaxValue>
          <displaynames>
            <displayname description="Import Sequence Number" languagecode="1033" />
          </displaynames>
          <Descriptions>
            <Description description="Sequence number of the import that created this record." languagecode="1033" />
          </Descriptions>
        </attribute>
        <attribute PhysicalName="ModifiedBy">
          <Type>lookup</Type>
          <Name>modifiedby</Name>
          <LogicalName>modifiedby</LogicalName>
          <RequiredLevel>none</RequiredLevel>
          <DisplayMask>ValidForAdvancedFind</DisplayMask>
          <IsValidForCreate>0</IsValidForCreate>
          <IsValidForRead>1</IsValidForRead>
          <IsValidForUpdate>0</IsValidForUpdate>
          <IsCustomField>0</IsCustomField>
          <IsAuditEnabled>0</IsAuditEnabled>
          <IsSecured>0</IsSecured>
          <IntroducedVersion>1.0.0.0</IntroducedVersion>
          <IsCustomizable>1</IsCustomizable>
          <IsRenameable>1</IsRenameable>
          <CanModifySearchSettings>1</CanModifySearchSettings>
          <CanModifyRequirementLevelSettings>1</CanModifyRequirementLevelSettings>
          <CanModifyAdditionalSettings>1</CanModifyAdditionalSettings>
          <LookupStyle>single</LookupStyle>
          <LookupTypes />
          <displaynames>
            <displayname description="Modified By" languagecode="1033" />
          </displaynames>
          <Descriptions>
            <Description description="Unique identifier of the user who modified the record." languagecode="1033" />
          </Descriptions>
        </attribute>
        <attribute PhysicalName="ModifiedOn">
          <Type>datetime</Type>
          <Name>modifiedon</Name>
          <LogicalName>modifiedon</LogicalName>
          <RequiredLevel>none</RequiredLevel>
          <DisplayMask>ValidForAdvancedFind</DisplayMask>
          <IsValidForCreate>0</IsValidForCreate>
          <IsValidForRead>1</IsValidForRead>
          <IsValidForUpdate>0</IsValidForUpdate>
          <IsCustomField>0</IsCustomField>
          <IsAuditEnabled>0</IsAuditEnabled>
          <IsSecured>0</IsSecured>
          <IntroducedVersion>1.0.0.0</IntroducedVersion>
          <IsCustomizable>1</IsCustomizable>
          <IsRenameable>1</IsRenameable>
          <CanModifySearchSettings>1</CanModifySearchSettings>
          <CanModifyRequirementLevelSettings>1</CanModifyRequirementLevelSettings>
          <CanModifyAdditionalSettings>1</CanModifyAdditionalSettings>
          <Format>datetime</Format>
          <Behavior>1</Behavior>
          <displaynames>
            <displayname description="Modified On" languagecode="1033" />
          </displaynames>
          <Descriptions>
            <Description description="Date and time when the record was modified." languagecode="1033" />
          </Descriptions>
        </attribute>
        <attribute PhysicalName="ModifiedOnBehalfBy">
          <Type>lookup</Type>
          <Name>modifiedonbehalfby</Name>
          <LogicalName>modifiedonbehalfby</LogicalName>
          <RequiredLevel>none</RequiredLevel>
          <DisplayMask>ValidForAdvancedFind</DisplayMask>
          <IsValidForCreate>0</IsValidForCreate>
          <IsValidForRead>1</IsValidForRead>
          <IsValidForUpdate>0</IsValidForUpdate>
          <IsCustomField>0</IsCustomField>
          <IsAuditEnabled>0</IsAuditEnabled>
          <IsSecured>0</IsSecured>
          <IntroducedVersion>1.0.0.0</IntroducedVersion>
          <IsCustomizable>1</IsCustomizable>
          <IsRenameable>1</IsRenameable>
          <CanModifySearchSettings>1</CanModifySearchSettings>
          <CanModifyRequirementLevelSettings>1</CanModifyRequirementLevelSettings>
          <CanModifyAdditionalSettings>1</CanModifyAdditionalSettings>
          <LookupStyle>single</LookupStyle>
          <LookupTypes />
          <displaynames>
            <displayname description="Modified By (Delegate)" languagecode="1033" />
          </displaynames>
          <Descriptions>
            <Description description="Unique identifier of the delegate user who modified the record." languagecode="1033" />
          </Descriptions>
        </attribute>
        <attribute PhysicalName="OverriddenCreatedOn">
          <Type>datetime</Type>
          <Name>overriddencreatedon</Name>
          <LogicalName>overriddencreatedon</LogicalName>
          <RequiredLevel>none</RequiredLevel>
          <DisplayMask>ValidForAdvancedFind</DisplayMask>
          <IsValidForCreate>1</IsValidForCreate>
          <IsValidForRead>1</IsValidForRead>
          <IsValidForUpdate>0</IsValidForUpdate>
          <IsCustomField>0</IsCustomField>
          <IsAuditEnabled>1</IsAuditEnabled>
          <IsSecured>0</IsSecured>
          <IntroducedVersion>1.0.0.0</IntroducedVersion>
          <IsCustomizable>1</IsCustomizable>
          <IsRenameable>1</IsRenameable>
          <CanModifySearchSettings>1</CanModifySearchSettings>
          <CanModifyRequirementLevelSettings>1</CanModifyRequirementLevelSettings>
          <CanModifyAdditionalSettings>1</CanModifyAdditionalSettings>
          <Format>datetime</Format>
          <Behavior>1</Behavior>
          <displaynames>
            <displayname description="Record Created On" languagecode="1033" />
          </displaynames>
          <Descriptions>
            <Description description="Date and time that the record was migrated." languagecode="1033" />
          </Descriptions>
        </attribute>
        <attribute PhysicalName="OwnerId">
          <Type>owner</Type>
          <Name>ownerid</Name>
          <LogicalName>ownerid</LogicalName>
          <RequiredLevel>systemrequired</RequiredLevel>
          <DisplayMask>ValidForAdvancedFind</DisplayMask>
          <IsValidForCreate>1</IsValidForCreate>
          <IsValidForRead>1</IsValidForRead>
          <IsValidForUpdate>1</IsValidForUpdate>
          <IsCustomField>0</IsCustomField>
          <IsAuditEnabled>0</IsAuditEnabled>
          <IsSecured>0</IsSecured>
          <IntroducedVersion>1.0.0.0</IntroducedVersion>
          <IsCustomizable>1</IsCustomizable>
          <IsRenameable>1</IsRenameable>
          <CanModifySearchSettings>1</CanModifySearchSettings>
          <CanModifyRequirementLevelSettings>1</CanModifyRequirementLevelSettings>
          <CanModifyAdditionalSettings>1</CanModifyAdditionalSettings>
          <LookupStyle>single</LookupStyle>
          <LookupTypes />
          <displaynames>
            <displayname description="Owner" languagecode="1033" />
          </displaynames>
          <Descriptions>
            <Description description="Owner Id" languagecode="1033" />
          </Descriptions>
        </attribute>
        <attribute PhysicalName="OwningBusinessUnit">
          <Type>lookup</Type>
          <Name>owningbusinessunit</Name>
          <LogicalName>owningbusinessunit</LogicalName>
          <RequiredLevel>none</RequiredLevel>
          <DisplayMask>ValidForAdvancedFind</DisplayMask>
          <IsValidForCreate>0</IsValidForCreate>
          <IsValidForRead>1</IsValidForRead>
          <IsValidForUpdate>0</IsValidForUpdate>
          <IsCustomField>0</IsCustomField>
          <IsAuditEnabled>0</IsAuditEnabled>
          <IsSecured>0</IsSecured>
          <IntroducedVersion>1.0.0.0</IntroducedVersion>
          <IsCustomizable>1</IsCustomizable>
          <IsRenameable>1</IsRenameable>
          <CanModifySearchSettings>1</CanModifySearchSettings>
          <CanModifyRequirementLevelSettings>1</CanModifyRequirementLevelSettings>
          <CanModifyAdditionalSettings>1</CanModifyAdditionalSettings>
          <LookupStyle>single</LookupStyle>
          <LookupTypes />
          <displaynames>
            <displayname description="Owning Business Unit" languagecode="1033" />
          </displaynames>
          <Descriptions>
            <Description description="Unique identifier for the business unit that owns the record" languagecode="1033" />
          </Descriptions>
        </attribute>
        <attribute PhysicalName="OwningTeam">
          <Type>lookup</Type>
          <Name>owningteam</Name>
          <LogicalName>owningteam</LogicalName>
          <RequiredLevel>none</RequiredLevel>
          <DisplayMask>ValidForAdvancedFind</DisplayMask>
          <IsValidForCreate>0</IsValidForCreate>
          <IsValidForRead>1</IsValidForRead>
          <IsValidForUpdate>0</IsValidForUpdate>
          <IsCustomField>0</IsCustomField>
          <IsAuditEnabled>0</IsAuditEnabled>
          <IsSecured>0</IsSecured>
          <IntroducedVersion>1.0.0.0</IntroducedVersion>
          <IsCustomizable>1</IsCustomizable>
          <IsRenameable>1</IsRenameable>
          <CanModifySearchSettings>1</CanModifySearchSettings>
          <CanModifyRequirementLevelSettings>1</CanModifyRequirementLevelSettings>
          <CanModifyAdditionalSettings>1</CanModifyAdditionalSettings>
          <LookupStyle>single</LookupStyle>
          <LookupTypes />
          <displaynames>
            <displayname description="Owning Team" languagecode="1033" />
          </displaynames>
          <Descriptions>
            <Description description="Unique identifier for the team that owns the record." languagecode="1033" />
          </Descriptions>
        </attribute>
        <attribute PhysicalName="OwningUser">
          <Type>lookup</Type>
          <Name>owninguser</Name>
          <LogicalName>owninguser</LogicalName>
          <RequiredLevel>none</RequiredLevel>
          <DisplayMask>ValidForAdvancedFind</DisplayMask>
          <IsValidForCreate>0</IsValidForCreate>
          <IsValidForRead>1</IsValidForRead>
          <IsValidForUpdate>0</IsValidForUpdate>
          <IsCustomField>0</IsCustomField>
          <IsAuditEnabled>0</IsAuditEnabled>
          <IsSecured>0</IsSecured>
          <IntroducedVersion>1.0.0.0</IntroducedVersion>
          <IsCustomizable>1</IsCustomizable>
          <IsRenameable>1</IsRenameable>
          <CanModifySearchSettings>1</CanModifySearchSettings>
          <CanModifyRequirementLevelSettings>1</CanModifyRequirementLevelSettings>
          <CanModifyAdditionalSettings>1</CanModifyAdditionalSettings>
          <LookupStyle>single</LookupStyle>
          <LookupTypes />
          <displaynames>
            <displayname description="Owning User" languagecode="1033" />
          </displaynames>
          <Descriptions>
            <Description description="Unique identifier for the user that owns the record." languagecode="1033" />
          </Descriptions>
        </attribute>
        <attribute PhysicalName="statecode">
          <Type>state</Type>
          <Name>statecode</Name>
          <LogicalName>statecode</LogicalName>
          <RequiredLevel>systemrequired</RequiredLevel>
          <DisplayMask>ValidForAdvancedFind</DisplayMask>
          <IsValidForCreate>0</IsValidForCreate>
          <IsValidForRead>1</IsValidForRead>
          <IsValidForUpdate>1</IsValidForUpdate>
          <IsCustomField>0</IsCustomField>
          <IsAuditEnabled>0</IsAuditEnabled>
          <IsSecured>0</IsSecured>
          <IntroducedVersion>1.0.0.0</IntroducedVersion>
          <IsCustomizable>1</IsCustomizable>
          <IsRenameable>1</IsRenameable>
          <CanModifySearchSettings>1</CanModifySearchSettings>
          <CanModifyRequirementLevelSettings>1</CanModifyRequirementLevelSettings>
          <CanModifyAdditionalSettings>1</CanModifyAdditionalSettings>
          <displaynames>
            <displayname description="Status" languagecode="1033" />
          </displaynames>
          <Descriptions>
            <Description description="Status of the record" languagecode="1033" />
          </Descriptions>
          <optionset Name="pm_staffmember_statecode">
            <OptionSetType>state</OptionSetType>
            <IntroducedVersion>1.0.0.0</IntroducedVersion>
            <IsCustomizable>1</IsCustomizable>
            <IsGlobal>0</IsGlobal>
            <options>
              <option value="0" defaultstatus="1">
                <labels>
                  <label description="Active" languagecode="1033" />
                </labels>
              </option>
              <option value="1" defaultstatus="2">
                <labels>
                  <label description="Inactive" languagecode="1033" />
                </labels>
              </option>
            </options>
          </optionset>
        </attribute>
        <attribute PhysicalName="statuscode">
          <Type>status</Type>
          <Name>statuscode</Name>
          <LogicalName>statuscode</LogicalName>
          <RequiredLevel>none</RequiredLevel>
          <DisplayMask>ValidForAdvancedFind</DisplayMask>
          <IsValidForCreate>1</IsValidForCreate>
          <IsValidForRead>1</IsValidForRead>
          <IsValidForUpdate>1</IsValidForUpdate>
          <IsCustomField>0</IsCustomField>
          <IsAuditEnabled>0</IsAuditEnabled>
          <IsSecured>0</IsSecured>
          <IntroducedVersion>1.0.0.0</IntroducedVersion>
          <IsCustomizable>1</IsCustomizable>
          <IsRenameable>1</IsRenameable>
          <CanModifySearchSettings>1</CanModifySearchSettings>
          <CanModifyRequirementLevelSettings>1</CanModifyRequirementLevelSettings>
          <CanModifyAdditionalSettings>1</CanModifyAdditionalSettings>
          <displaynames>
            <displayname description="Status Reason" languagecode="1033" />
          </displaynames>
          <Descriptions>
            <Description description="Reason for the status of the record" languagecode="1033" />
          </Descriptions>
          <optionset Name="pm_staffmember_statuscode">
            <OptionSetType>status</OptionSetType>
            <IntroducedVersion>1.0.0.0</IntroducedVersion>
            <IsCustomizable>1</IsCustomizable>
            <IsGlobal>0</IsGlobal>
            <options>
              <option value="1" state="0">
                <labels>
                  <label description="Active" languagecode="1033" />
                </labels>
              </option>
              <option value="2" state="1">
                <labels>
                  <label description="Inactive" languagecode="1033" />
                </labels>
              </option>
            </options>
          </optionset>
        </attribute>
        <attribute PhysicalName="TimeZoneRuleVersionNumber">
          <Type>int</Type>
          <Name>timezoneruleversionnumber</Name>
          <LogicalName>timezoneruleversionnumber</LogicalName>
          <RequiredLevel>none</RequiredLevel>
          <DisplayMask>ValidForAdvancedFind</DisplayMask>
          <IsValidForCreate>1</IsValidForCreate>
          <IsValidForRead>1</IsValidForRead>
          <IsValidForUpdate>1</IsValidForUpdate>
          <IsCustomField>0</IsCustomField>
          <IsAuditEnabled>1</IsAuditEnabled>
          <IsSecured>0</IsSecured>
          <IntroducedVersion>1.0.0.0</IntroducedVersion>
          <IsCustomizable>1</IsCustomizable>
          <IsRenameable>1</IsRenameable>
          <CanModifySearchSettings>1</CanModifySearchSettings>
          <CanModifyRequirementLevelSettings>1</CanModifyRequirementLevelSettings>
          <CanModifyAdditionalSettings>1</CanModifyAdditionalSettings>
          <MinValue>-1</MinValue>
          <MaxValue>2147483647</MaxValue>
          <displaynames>
            <displayname description="Time Zone Rule Version Number" languagecode="1033" />
          </displaynames>
          <Descriptions>
            <Description description="For internal use only." languagecode="1033" />
          </Descriptions>
        </attribute>
        <attribute PhysicalName="UTCConversionTimeZoneCode">
          <Type>int</Type>
          <Name>utcconversiontimezonecode</Name>
          <LogicalName>utcconversiontimezonecode</LogicalName>
          <RequiredLevel>none</RequiredLevel>
          <DisplayMask>ValidForAdvancedFind</DisplayMask>
          <IsValidForCreate>1</IsValidForCreate>
          <IsValidForRead>1</IsValidForRead>
          <IsValidForUpdate>1</IsValidForUpdate>
          <IsCustomField>0</IsCustomField>
          <IsAuditEnabled>1</IsAuditEnabled>
          <IsSecured>0</IsSecured>
          <IntroducedVersion>1.0.0.0</IntroducedVersion>
          <IsCustomizable>1</IsCustomizable>
          <IsRenameable>1</IsRenameable>
          <CanModifySearchSettings>1</CanModifySearchSettings>
          <CanModifyRequirementLevelSettings>1</CanModifyRequirementLevelSettings>
          <CanModifyAdditionalSettings>1</CanModifyAdditionalSettings>
          <MinValue>-1</MinValue>
          <MaxValue>2147483647</MaxValue>
          <displaynames>
            <displayname description="UTC Conversion Time Zone Code" languagecode="1033" />
          </displaynames>
          <Descriptions>
            <Description description="Time zone code that was in use when the record was created." languagecode="1033" />
          </Descriptions>
        </attribute>
        <attribute PhysicalName="VersionNumber">
          <Type>bigint</Type>
          <Name>versionnumber</Name>
          <LogicalName>versionnumber</LogicalName>
          <RequiredLevel>none</RequiredLevel>
          <DisplayMask>ValidForAdvancedFind</DisplayMask>
          <IsValidForCreate>0</IsValidForCreate>
          <IsValidForRead>1</IsValidForRead>
          <IsValidForUpdate>0</IsValidForUpdate>
          <IsCustomField>0</IsCustomField>
          <IsAuditEnabled>1</IsAuditEnabled>
          <IsSecured>0</IsSecured>
          <IntroducedVersion>1.0.0.0</IntroducedVersion>
          <IsCustomizable>1</IsCustomizable>
          <IsRenameable>1</IsRenameable>
          <CanModifySearchSettings>1</CanModifySearchSettings>
          <CanModifyRequirementLevelSettings>1</CanModifyRequirementLevelSettings>
          <CanModifyAdditionalSettings>1</CanModifyAdditionalSettings>
          <MinValue>-9223372036854775808</MinValue>
          <MaxValue>9223372036854775807</MaxValue>
          <displaynames>
            <displayname description="Version Number" languagecode="1033" />
          </displaynames>
          <Descriptions>
            <Description description="Version Number" languagecode="1033" />
          </Descriptions>
        </attribute>

      </attributes>
    </entity>
  </EntityInfo>
  <FormXml>
    <forms type="main">
      <form>
        <formid>{7a1d4f5e-3b2c-4e5f-8a7b-9c1d2e3f4a5b}</formid>
        <IntroducedVersion>1.0.0.0</IntroducedVersion>
        <FormPresentation>0</FormPresentation>
        <IsCustomizable>1</IsCustomizable>
        <CanBeDeleted>1</CanBeDeleted>
        <IsAIRMerged>0</IsAIRMerged>
        <FormActivationState>1</FormActivationState>
        <names>
          <name description="Information" languagecode="1033" />
        </names>
        <Descriptions>
          <Description description="Main form for Staff Member" languagecode="1033" />
        </Descriptions>
      </form>
    </forms>
  </FormXml>
  <RibbonDiffXml />
  <CustomControlDefaultConfigXml />
  <SavedQueries>
    <savedquery>
      <savedqueryid>{8b2e5f6d-4c3d-5f6e-9b8c-0d1e2f3a4b5c}</savedqueryid>
      <name>Active Staff Members</name>
      <description>All active staff members</description>
      <querytype>0</querytype>
      <isdefault>1</isdefault>
      <IntroducedVersion>1.0.0.0</IntroducedVersion>
      <fetchxml>
        <![CDATA[
        <fetch version="1.0" output-format="xml-platform" mapping="logical" distinct="false">
          <entity name="pm_staffmember">
            <attribute name="pm_name" />
            <attribute name="pm_employeeid" />
            <attribute name="pm_positiontitle" />
            <attribute name="pm_supervisor" />
            <attribute name="pm_startdate" />
            <attribute name="pm_status" />
            <order attribute="pm_name" descending="false" />
            <filter type="and">
              <condition attribute="pm_status" operator="eq" value="1" />
            </filter>
          </entity>
        </fetch>
        ]]>
      </fetchxml>
    </savedquery>
  </SavedQueries>
</Entity>
