<?xml version="1.0" encoding="utf-8"?>
<Entity xmlns:xsi="http://www.w3.org/2001/XMLSchema-instance">
  <EntityInfo>
    <entity Name="pm_evaluationquestion"
            OwnershipType="UserOwned"
            EntitySetName="pm_evaluationquestions"
            IsCustomEntity="1"
            IsActivity="0"
            IsActivityParty="0"
            IsAuditEnabled="1"
            IsBPFEntity="0"
            IsChildEntity="0"
            IsConnectionsEnabled="0"
            IsCustomizable="1"
            IsDocumentManagementEnabled="0"
            IsDocumentRecommendationsEnabled="0"
            IsDuplicateDetectionEnabled="0"
            IsEnabledForCharts="0"
            IsEnabledForExternalChannels="0"
            IsEnabledForTrace="0"
            IsImportable="1"
            IsInteractionCentricEnabled="0"
            IsIntersect="0"
            IsKnowledgeManagementEnabled="0"
            IsMailMergeEnabled="0"
            IsMappable="1"
            IsOfflineInMobileClient="0"
            IsOneNoteIntegrationEnabled="0"
            IsOptimisticConcurrencyEnabled="1"
            IsPrivate="0"
            IsQuickCreateEnabled="0"
            IsReadingPaneEnabled="1"
            IsReadOnlyInMobileClient="0"
            IsRenameable="1"
            IsSLAEnabled="0"
            IsStateModelAware="1"
            IsValidForAdvancedFind="1"
            IsValidForQueue="0"
            IsVisibleInMobile="0"
            IsVisibleInMobileClient="1"
            ReportViewName="Filteredpm_evaluationquestion"
            IntroducedVersion="1.0.0.0">
      <LocalizedNames>
        <LocalizedName description="Evaluation Question" languagecode="1033" />
      </LocalizedNames>
      <LocalizedCollectionNames>
        <LocalizedCollectionName description="Evaluation Questions" languagecode="1033" />
      </LocalizedCollectionNames>
      <Descriptions>
        <Description description="Store standardized 12 annual review questions" languagecode="1033" />
      </Descriptions>
      <attributes>
        <attribute PhysicalName="pm_evaluationquestionid">
          <Type>primarykey</Type>
          <Name>pm_evaluationquestionid</Name>
          <LogicalName>pm_evaluationquestionid</LogicalName>
          <RequiredLevel>systemrequired</RequiredLevel>
          <DisplayMask>ValidForAdvancedFind</DisplayMask>
          <IsPrimaryId>1</IsPrimaryId>
          <IsValidForCreate>0</IsValidForCreate>
          <IsValidForRead>1</IsValidForRead>
          <IsValidForUpdate>0</IsValidForUpdate>
          <IsCustomField>0</IsCustomField>
          <IsAuditEnabled>1</IsAuditEnabled>
          <IsSecured>0</IsSecured>
          <IntroducedVersion>1.0.0.0</IntroducedVersion>
          <IsCustomizable>1</IsCustomizable>
          <IsRenameable>0</IsRenameable>
          <CanModifySearchSettings>1</CanModifySearchSettings>
          <CanModifyRequirementLevelSettings>0</CanModifyRequirementLevelSettings>
          <CanModifyAdditionalSettings>1</CanModifyAdditionalSettings>
          <displaynames>
            <displayname description="Evaluation Question ID" languagecode="1033" />
          </displaynames>
          <Descriptions>
            <Description description="Unique identifier for Evaluation Question instances" languagecode="1033" />
          </Descriptions>
        </attribute>
        <attribute PhysicalName="pm_questiontext">
          <Type>memo</Type>
          <Name>pm_questiontext</Name>
          <LogicalName>pm_questiontext</LogicalName>
          <RequiredLevel>applicationrequired</RequiredLevel>
          <DisplayMask>ValidForAdvancedFind</DisplayMask>
          <IsPrimaryName>1</IsPrimaryName>
          <MaxLength>2000</MaxLength>
          <IntroducedVersion>1.0.0.0</IntroducedVersion>
          <IsCustomizable>1</IsCustomizable>
          <IsRenameable>1</IsRenameable>
          <CanModifySearchSettings>1</CanModifySearchSettings>
          <CanModifyRequirementLevelSettings>1</CanModifyRequirementLevelSettings>
          <CanModifyAdditionalSettings>1</CanModifyAdditionalSettings>
          <displaynames>
            <displayname description="Question Text" languagecode="1033" />
          </displaynames>
          <Descriptions>
            <Description description="The evaluation question text" languagecode="1033" />
          </Descriptions>
        </attribute>
        <attribute PhysicalName="pm_questionnumber">
          <Type>int</Type>
          <Name>pm_questionnumber</Name>
          <LogicalName>pm_questionnumber</LogicalName>
          <RequiredLevel>none</RequiredLevel>
          <DisplayMask>ValidForAdvancedFind</DisplayMask>
          <IntroducedVersion>1.0.0.0</IntroducedVersion>
          <IsCustomizable>1</IsCustomizable>
          <IsRenameable>1</IsRenameable>
          <CanModifySearchSettings>1</CanModifySearchSettings>
          <CanModifyRequirementLevelSettings>1</CanModifyRequirementLevelSettings>
          <CanModifyAdditionalSettings>1</CanModifyAdditionalSettings>
          <displaynames>
            <displayname description="Question Number" languagecode="1033" />
          </displaynames>
          <Descriptions>
            <Description description="Sequential question number (1-12)" languagecode="1033" />
          </Descriptions>
        </attribute>
        <attribute PhysicalName="pm_active">
          <Type>bit</Type>
          <Name>pm_active</Name>
          <LogicalName>pm_active</LogicalName>
          <RequiredLevel>none</RequiredLevel>
          <DisplayMask>ValidForAdvancedFind</DisplayMask>
          <IntroducedVersion>1.0.0.0</IntroducedVersion>
          <IsCustomizable>1</IsCustomizable>
          <IsRenameable>1</IsRenameable>
          <CanModifySearchSettings>1</CanModifySearchSettings>
          <CanModifyRequirementLevelSettings>1</CanModifyRequirementLevelSettings>
          <CanModifyAdditionalSettings>1</CanModifyAdditionalSettings>
          <DefaultValue>1</DefaultValue>
          <displaynames>
            <displayname description="Active" languagecode="1033" />
          </displaynames>
          <Descriptions>
            <Description description="Is this question currently active?" languagecode="1033" />
          </Descriptions>
        </attribute>

        <!-- Standard Dataverse System Fields -->
        <attribute PhysicalName="CreatedBy">
          <Type>lookup</Type>
          <Name>createdby</Name>
          <LogicalName>createdby</LogicalName>
          <RequiredLevel>none</RequiredLevel>
          <DisplayMask>ValidForAdvancedFind</DisplayMask>
          <IsValidForCreate>0</IsValidForCreate>
          <IsValidForRead>1</IsValidForRead>
          <IsValidForUpdate>0</IsValidForUpdate>
          <IsCustomField>0</IsCustomField>
          <IsAuditEnabled>0</IsAuditEnabled>
          <IsSecured>0</IsSecured>
          <IntroducedVersion>1.0.0.0</IntroducedVersion>
          <IsCustomizable>1</IsCustomizable>
          <IsRenameable>1</IsRenameable>
          <CanModifySearchSettings>1</CanModifySearchSettings>
          <CanModifyRequirementLevelSettings>1</CanModifyRequirementLevelSettings>
          <CanModifyAdditionalSettings>1</CanModifyAdditionalSettings>
          <LookupStyle>single</LookupStyle>
          <LookupTypes />
          <displaynames>
            <displayname description="Created By" languagecode="1033" />
          </displaynames>
          <Descriptions>
            <Description description="Unique identifier of the user who created the record." languagecode="1033" />
          </Descriptions>
        </attribute>
        <attribute PhysicalName="CreatedOn">
          <Type>datetime</Type>
          <Name>createdon</Name>
          <LogicalName>createdon</LogicalName>
          <RequiredLevel>none</RequiredLevel>
          <DisplayMask>ValidForAdvancedFind</DisplayMask>
          <IsValidForCreate>0</IsValidForCreate>
          <IsValidForRead>1</IsValidForRead>
          <IsValidForUpdate>0</IsValidForUpdate>
          <IsCustomField>0</IsCustomField>
          <IsAuditEnabled>0</IsAuditEnabled>
          <IsSecured>0</IsSecured>
          <IntroducedVersion>1.0.0.0</IntroducedVersion>
          <IsCustomizable>1</IsCustomizable>
          <IsRenameable>1</IsRenameable>
          <CanModifySearchSettings>1</CanModifySearchSettings>
          <CanModifyRequirementLevelSettings>1</CanModifyRequirementLevelSettings>
          <CanModifyAdditionalSettings>1</CanModifyAdditionalSettings>
          <Format>datetime</Format>
          <Behavior>1</Behavior>
          <displaynames>
            <displayname description="Created On" languagecode="1033" />
          </displaynames>
          <Descriptions>
            <Description description="Date and time when the record was created." languagecode="1033" />
          </Descriptions>
        </attribute>
        <attribute PhysicalName="CreatedOnBehalfBy">
          <Type>lookup</Type>
          <Name>createdonbehalfby</Name>
          <LogicalName>createdonbehalfby</LogicalName>
          <RequiredLevel>none</RequiredLevel>
          <DisplayMask>ValidForAdvancedFind</DisplayMask>
          <IsValidForCreate>0</IsValidForCreate>
          <IsValidForRead>1</IsValidForRead>
          <IsValidForUpdate>0</IsValidForUpdate>
          <IsCustomField>0</IsCustomField>
          <IsAuditEnabled>0</IsAuditEnabled>
          <IsSecured>0</IsSecured>
          <IntroducedVersion>1.0.0.0</IntroducedVersion>
          <IsCustomizable>1</IsCustomizable>
          <IsRenameable>1</IsRenameable>
          <CanModifySearchSettings>1</CanModifySearchSettings>
          <CanModifyRequirementLevelSettings>1</CanModifyRequirementLevelSettings>
          <CanModifyAdditionalSettings>1</CanModifyAdditionalSettings>
          <LookupStyle>single</LookupStyle>
          <LookupTypes />
          <displaynames>
            <displayname description="Created By (Delegate)" languagecode="1033" />
          </displaynames>
          <Descriptions>
            <Description description="Unique identifier of the delegate user who created the record." languagecode="1033" />
          </Descriptions>
        </attribute>
        <attribute PhysicalName="ImportSequenceNumber">
          <Type>int</Type>
          <Name>importsequencenumber</Name>
          <LogicalName>importsequencenumber</LogicalName>
          <RequiredLevel>none</RequiredLevel>
          <DisplayMask>ValidForAdvancedFind</DisplayMask>
          <IsValidForCreate>1</IsValidForCreate>
          <IsValidForRead>1</IsValidForRead>
          <IsValidForUpdate>0</IsValidForUpdate>
          <IsCustomField>0</IsCustomField>
          <IsAuditEnabled>1</IsAuditEnabled>
          <IsSecured>0</IsSecured>
          <IntroducedVersion>1.0.0.0</IntroducedVersion>
          <IsCustomizable>1</IsCustomizable>
          <IsRenameable>1</IsRenameable>
          <CanModifySearchSettings>1</CanModifySearchSettings>
          <CanModifyRequirementLevelSettings>1</CanModifyRequirementLevelSettings>
          <CanModifyAdditionalSettings>1</CanModifyAdditionalSettings>
          <MinValue>-2147483648</MinValue>
          <MaxValue>2147483647</MaxValue>
          <displaynames>
            <displayname description="Import Sequence Number" languagecode="1033" />
          </displaynames>
          <Descriptions>
            <Description description="Sequence number of the import that created this record." languagecode="1033" />
          </Descriptions>
        </attribute>
        <attribute PhysicalName="ModifiedBy">
          <Type>lookup</Type>
          <Name>modifiedby</Name>
          <LogicalName>modifiedby</LogicalName>
          <RequiredLevel>none</RequiredLevel>
          <DisplayMask>ValidForAdvancedFind</DisplayMask>
          <IsValidForCreate>0</IsValidForCreate>
          <IsValidForRead>1</IsValidForRead>
          <IsValidForUpdate>0</IsValidForUpdate>
          <IsCustomField>0</IsCustomField>
          <IsAuditEnabled>0</IsAuditEnabled>
          <IsSecured>0</IsSecured>
          <IntroducedVersion>1.0.0.0</IntroducedVersion>
          <IsCustomizable>1</IsCustomizable>
          <IsRenameable>1</IsRenameable>
          <CanModifySearchSettings>1</CanModifySearchSettings>
          <CanModifyRequirementLevelSettings>1</CanModifyRequirementLevelSettings>
          <CanModifyAdditionalSettings>1</CanModifyAdditionalSettings>
          <LookupStyle>single</LookupStyle>
          <LookupTypes />
          <displaynames>
            <displayname description="Modified By" languagecode="1033" />
          </displaynames>
          <Descriptions>
            <Description description="Unique identifier of the user who modified the record." languagecode="1033" />
          </Descriptions>
        </attribute>
        <attribute PhysicalName="ModifiedOn">
          <Type>datetime</Type>
          <Name>modifiedon</Name>
          <LogicalName>modifiedon</LogicalName>
          <RequiredLevel>none</RequiredLevel>
          <DisplayMask>ValidForAdvancedFind</DisplayMask>
          <IsValidForCreate>0</IsValidForCreate>
          <IsValidForRead>1</IsValidForRead>
          <IsValidForUpdate>0</IsValidForUpdate>
          <IsCustomField>0</IsCustomField>
          <IsAuditEnabled>0</IsAuditEnabled>
          <IsSecured>0</IsSecured>
          <IntroducedVersion>1.0.0.0</IntroducedVersion>
          <IsCustomizable>1</IsCustomizable>
          <IsRenameable>1</IsRenameable>
          <CanModifySearchSettings>1</CanModifySearchSettings>
          <CanModifyRequirementLevelSettings>1</CanModifyRequirementLevelSettings>
          <CanModifyAdditionalSettings>1</CanModifyAdditionalSettings>
          <Format>datetime</Format>
          <Behavior>1</Behavior>
          <displaynames>
            <displayname description="Modified On" languagecode="1033" />
          </displaynames>
          <Descriptions>
            <Description description="Date and time when the record was modified." languagecode="1033" />
          </Descriptions>
        </attribute>
        <attribute PhysicalName="ModifiedOnBehalfBy">
          <Type>lookup</Type>
          <Name>modifiedonbehalfby</Name>
          <LogicalName>modifiedonbehalfby</LogicalName>
          <RequiredLevel>none</RequiredLevel>
          <DisplayMask>ValidForAdvancedFind</DisplayMask>
          <IsValidForCreate>0</IsValidForCreate>
          <IsValidForRead>1</IsValidForRead>
          <IsValidForUpdate>0</IsValidForUpdate>
          <IsCustomField>0</IsCustomField>
          <IsAuditEnabled>0</IsAuditEnabled>
          <IsSecured>0</IsSecured>
          <IntroducedVersion>1.0.0.0</IntroducedVersion>
          <IsCustomizable>1</IsCustomizable>
          <IsRenameable>1</IsRenameable>
          <CanModifySearchSettings>1</CanModifySearchSettings>
          <CanModifyRequirementLevelSettings>1</CanModifyRequirementLevelSettings>
          <CanModifyAdditionalSettings>1</CanModifyAdditionalSettings>
          <LookupStyle>single</LookupStyle>
          <LookupTypes />
          <displaynames>
            <displayname description="Modified By (Delegate)" languagecode="1033" />
          </displaynames>
          <Descriptions>
            <Description description="Unique identifier of the delegate user who modified the record." languagecode="1033" />
          </Descriptions>
        </attribute>
        <attribute PhysicalName="OverriddenCreatedOn">
          <Type>datetime</Type>
          <Name>overriddencreatedon</Name>
          <LogicalName>overriddencreatedon</LogicalName>
          <RequiredLevel>none</RequiredLevel>
          <DisplayMask>ValidForAdvancedFind</DisplayMask>
          <IsValidForCreate>1</IsValidForCreate>
          <IsValidForRead>1</IsValidForRead>
          <IsValidForUpdate>0</IsValidForUpdate>
          <IsCustomField>0</IsCustomField>
          <IsAuditEnabled>1</IsAuditEnabled>
          <IsSecured>0</IsSecured>
          <IntroducedVersion>1.0.0.0</IntroducedVersion>
          <IsCustomizable>1</IsCustomizable>
          <IsRenameable>1</IsRenameable>
          <CanModifySearchSettings>1</CanModifySearchSettings>
          <CanModifyRequirementLevelSettings>1</CanModifyRequirementLevelSettings>
          <CanModifyAdditionalSettings>1</CanModifyAdditionalSettings>
          <Format>datetime</Format>
          <Behavior>1</Behavior>
          <displaynames>
            <displayname description="Record Created On" languagecode="1033" />
          </displaynames>
          <Descriptions>
            <Description description="Date and time that the record was migrated." languagecode="1033" />
          </Descriptions>
        </attribute>
        <attribute PhysicalName="OwnerId">
          <Type>owner</Type>
          <Name>ownerid</Name>
          <LogicalName>ownerid</LogicalName>
          <RequiredLevel>systemrequired</RequiredLevel>
          <DisplayMask>ValidForAdvancedFind</DisplayMask>
          <IsValidForCreate>1</IsValidForCreate>
          <IsValidForRead>1</IsValidForRead>
          <IsValidForUpdate>1</IsValidForUpdate>
          <IsCustomField>0</IsCustomField>
          <IsAuditEnabled>0</IsAuditEnabled>
          <IsSecured>0</IsSecured>
          <IntroducedVersion>1.0.0.0</IntroducedVersion>
          <IsCustomizable>1</IsCustomizable>
          <IsRenameable>1</IsRenameable>
          <CanModifySearchSettings>1</CanModifySearchSettings>
          <CanModifyRequirementLevelSettings>1</CanModifyRequirementLevelSettings>
          <CanModifyAdditionalSettings>1</CanModifyAdditionalSettings>
          <LookupStyle>single</LookupStyle>
          <LookupTypes />
          <displaynames>
            <displayname description="Owner" languagecode="1033" />
          </displaynames>
          <Descriptions>
            <Description description="Owner Id" languagecode="1033" />
          </Descriptions>
        </attribute>
        <attribute PhysicalName="OwningBusinessUnit">
          <Type>lookup</Type>
          <Name>owningbusinessunit</Name>
          <LogicalName>owningbusinessunit</LogicalName>
          <RequiredLevel>none</RequiredLevel>
          <DisplayMask>ValidForAdvancedFind</DisplayMask>
          <IsValidForCreate>0</IsValidForCreate>
          <IsValidForRead>1</IsValidForRead>
          <IsValidForUpdate>0</IsValidForUpdate>
          <IsCustomField>0</IsCustomField>
          <IsAuditEnabled>0</IsAuditEnabled>
          <IsSecured>0</IsSecured>
          <IntroducedVersion>1.0.0.0</IntroducedVersion>
          <IsCustomizable>1</IsCustomizable>
          <IsRenameable>1</IsRenameable>
          <CanModifySearchSettings>1</CanModifySearchSettings>
          <CanModifyRequirementLevelSettings>1</CanModifyRequirementLevelSettings>
          <CanModifyAdditionalSettings>1</CanModifyAdditionalSettings>
          <LookupStyle>single</LookupStyle>
          <LookupTypes />
          <displaynames>
            <displayname description="Owning Business Unit" languagecode="1033" />
          </displaynames>
          <Descriptions>
            <Description description="Unique identifier for the business unit that owns the record" languagecode="1033" />
          </Descriptions>
        </attribute>
        <attribute PhysicalName="OwningTeam">
          <Type>lookup</Type>
          <Name>owningteam</Name>
          <LogicalName>owningteam</LogicalName>
          <RequiredLevel>none</RequiredLevel>
          <DisplayMask>ValidForAdvancedFind</DisplayMask>
          <IsValidForCreate>0</IsValidForCreate>
          <IsValidForRead>1</IsValidForRead>
          <IsValidForUpdate>0</IsValidForUpdate>
          <IsCustomField>0</IsCustomField>
          <IsAuditEnabled>0</IsAuditEnabled>
          <IsSecured>0</IsSecured>
          <IntroducedVersion>1.0.0.0</IntroducedVersion>
          <IsCustomizable>1</IsCustomizable>
          <IsRenameable>1</IsRenameable>
          <CanModifySearchSettings>1</CanModifySearchSettings>
          <CanModifyRequirementLevelSettings>1</CanModifyRequirementLevelSettings>
          <CanModifyAdditionalSettings>1</CanModifyAdditionalSettings>
          <LookupStyle>single</LookupStyle>
          <LookupTypes />
          <displaynames>
            <displayname description="Owning Team" languagecode="1033" />
          </displaynames>
          <Descriptions>
            <Description description="Unique identifier for the team that owns the record." languagecode="1033" />
          </Descriptions>
        </attribute>
        <attribute PhysicalName="OwningUser">
          <Type>lookup</Type>
          <Name>owninguser</Name>
          <LogicalName>owninguser</LogicalName>
          <RequiredLevel>none</RequiredLevel>
          <DisplayMask>ValidForAdvancedFind</DisplayMask>
          <IsValidForCreate>0</IsValidForCreate>
          <IsValidForRead>1</IsValidForRead>
          <IsValidForUpdate>0</IsValidForUpdate>
          <IsCustomField>0</IsCustomField>
          <IsAuditEnabled>0</IsAuditEnabled>
          <IsSecured>0</IsSecured>
          <IntroducedVersion>1.0.0.0</IntroducedVersion>
          <IsCustomizable>1</IsCustomizable>
          <IsRenameable>1</IsRenameable>
          <CanModifySearchSettings>1</CanModifySearchSettings>
          <CanModifyRequirementLevelSettings>1</CanModifyRequirementLevelSettings>
          <CanModifyAdditionalSettings>1</CanModifyAdditionalSettings>
          <LookupStyle>single</LookupStyle>
          <LookupTypes />
          <displaynames>
            <displayname description="Owning User" languagecode="1033" />
          </displaynames>
          <Descriptions>
            <Description description="Unique identifier for the user that owns the record." languagecode="1033" />
          </Descriptions>
        </attribute>
        <attribute PhysicalName="statecode">
          <Type>state</Type>
          <Name>statecode</Name>
          <LogicalName>statecode</LogicalName>
          <RequiredLevel>systemrequired</RequiredLevel>
          <DisplayMask>ValidForAdvancedFind</DisplayMask>
          <IsValidForCreate>0</IsValidForCreate>
          <IsValidForRead>1</IsValidForRead>
          <IsValidForUpdate>1</IsValidForUpdate>
          <IsCustomField>0</IsCustomField>
          <IsAuditEnabled>0</IsAuditEnabled>
          <IsSecured>0</IsSecured>
          <IntroducedVersion>1.0.0.0</IntroducedVersion>
          <IsCustomizable>1</IsCustomizable>
          <IsRenameable>1</IsRenameable>
          <CanModifySearchSettings>1</CanModifySearchSettings>
          <CanModifyRequirementLevelSettings>1</CanModifyRequirementLevelSettings>
          <CanModifyAdditionalSettings>1</CanModifyAdditionalSettings>
          <displaynames>
            <displayname description="Status" languagecode="1033" />
          </displaynames>
          <Descriptions>
            <Description description="Status of the record" languagecode="1033" />
          </Descriptions>
          <optionset Name="pm_evaluationquestion_statecode">
            <OptionSetType>state</OptionSetType>
            <IntroducedVersion>1.0.0.0</IntroducedVersion>
            <IsCustomizable>1</IsCustomizable>
            <IsGlobal>0</IsGlobal>
            <options>
              <option value="0" defaultstatus="1">
                <labels>
                  <label description="Active" languagecode="1033" />
                </labels>
              </option>
              <option value="1" defaultstatus="2">
                <labels>
                  <label description="Inactive" languagecode="1033" />
                </labels>
              </option>
            </options>
          </optionset>
        </attribute>
        <attribute PhysicalName="statuscode">
          <Type>status</Type>
          <Name>statuscode</Name>
          <LogicalName>statuscode</LogicalName>
          <RequiredLevel>none</RequiredLevel>
          <DisplayMask>ValidForAdvancedFind</DisplayMask>
          <IsValidForCreate>1</IsValidForCreate>
          <IsValidForRead>1</IsValidForRead>
          <IsValidForUpdate>1</IsValidForUpdate>
          <IsCustomField>0</IsCustomField>
          <IsAuditEnabled>0</IsAuditEnabled>
          <IsSecured>0</IsSecured>
          <IntroducedVersion>1.0.0.0</IntroducedVersion>
          <IsCustomizable>1</IsCustomizable>
          <IsRenameable>1</IsRenameable>
          <CanModifySearchSettings>1</CanModifySearchSettings>
          <CanModifyRequirementLevelSettings>1</CanModifyRequirementLevelSettings>
          <CanModifyAdditionalSettings>1</CanModifyAdditionalSettings>
          <displaynames>
            <displayname description="Status Reason" languagecode="1033" />
          </displaynames>
          <Descriptions>
            <Description description="Reason for the status of the record" languagecode="1033" />
          </Descriptions>
          <optionset Name="pm_evaluationquestion_statuscode">
            <OptionSetType>status</OptionSetType>
            <IntroducedVersion>1.0.0.0</IntroducedVersion>
            <IsCustomizable>1</IsCustomizable>
            <IsGlobal>0</IsGlobal>
            <options>
              <option value="1" state="0">
                <labels>
                  <label description="Active" languagecode="1033" />
                </labels>
              </option>
              <option value="2" state="1">
                <labels>
                  <label description="Inactive" languagecode="1033" />
                </labels>
              </option>
            </options>
          </optionset>
        </attribute>
        <attribute PhysicalName="TimeZoneRuleVersionNumber">
          <Type>int</Type>
          <Name>timezoneruleversionnumber</Name>
          <LogicalName>timezoneruleversionnumber</LogicalName>
          <RequiredLevel>none</RequiredLevel>
          <DisplayMask>ValidForAdvancedFind</DisplayMask>
          <IsValidForCreate>1</IsValidForCreate>
          <IsValidForRead>1</IsValidForRead>
          <IsValidForUpdate>1</IsValidForUpdate>
          <IsCustomField>0</IsCustomField>
          <IsAuditEnabled>1</IsAuditEnabled>
          <IsSecured>0</IsSecured>
          <IntroducedVersion>1.0.0.0</IntroducedVersion>
          <IsCustomizable>1</IsCustomizable>
          <IsRenameable>1</IsRenameable>
          <CanModifySearchSettings>1</CanModifySearchSettings>
          <CanModifyRequirementLevelSettings>1</CanModifyRequirementLevelSettings>
          <CanModifyAdditionalSettings>1</CanModifyAdditionalSettings>
          <MinValue>-1</MinValue>
          <MaxValue>2147483647</MaxValue>
          <displaynames>
            <displayname description="Time Zone Rule Version Number" languagecode="1033" />
          </displaynames>
          <Descriptions>
            <Description description="For internal use only." languagecode="1033" />
          </Descriptions>
        </attribute>
        <attribute PhysicalName="UTCConversionTimeZoneCode">
          <Type>int</Type>
          <Name>utcconversiontimezonecode</Name>
          <LogicalName>utcconversiontimezonecode</LogicalName>
          <RequiredLevel>none</RequiredLevel>
          <DisplayMask>ValidForAdvancedFind</DisplayMask>
          <IsValidForCreate>1</IsValidForCreate>
          <IsValidForRead>1</IsValidForRead>
          <IsValidForUpdate>1</IsValidForUpdate>
          <IsCustomField>0</IsCustomField>
          <IsAuditEnabled>1</IsAuditEnabled>
          <IsSecured>0</IsSecured>
          <IntroducedVersion>1.0.0.0</IntroducedVersion>
          <IsCustomizable>1</IsCustomizable>
          <IsRenameable>1</IsRenameable>
          <CanModifySearchSettings>1</CanModifySearchSettings>
          <CanModifyRequirementLevelSettings>1</CanModifyRequirementLevelSettings>
          <CanModifyAdditionalSettings>1</CanModifyAdditionalSettings>
          <MinValue>-1</MinValue>
          <MaxValue>2147483647</MaxValue>
          <displaynames>
            <displayname description="UTC Conversion Time Zone Code" languagecode="1033" />
          </displaynames>
          <Descriptions>
            <Description description="Time zone code that was in use when the record was created." languagecode="1033" />
          </Descriptions>
        </attribute>
        <attribute PhysicalName="VersionNumber">
          <Type>bigint</Type>
          <Name>versionnumber</Name>
          <LogicalName>versionnumber</LogicalName>
          <RequiredLevel>none</RequiredLevel>
          <DisplayMask>ValidForAdvancedFind</DisplayMask>
          <IsValidForCreate>0</IsValidForCreate>
          <IsValidForRead>1</IsValidForRead>
          <IsValidForUpdate>0</IsValidForUpdate>
          <IsCustomField>0</IsCustomField>
          <IsAuditEnabled>1</IsAuditEnabled>
          <IsSecured>0</IsSecured>
          <IntroducedVersion>1.0.0.0</IntroducedVersion>
          <IsCustomizable>1</IsCustomizable>
          <IsRenameable>1</IsRenameable>
          <CanModifySearchSettings>1</CanModifySearchSettings>
          <CanModifyRequirementLevelSettings>1</CanModifyRequirementLevelSettings>
          <CanModifyAdditionalSettings>1</CanModifyAdditionalSettings>
          <MinValue>-9223372036854775808</MinValue>
          <MaxValue>9223372036854775807</MaxValue>
          <displaynames>
            <displayname description="Version Number" languagecode="1033" />
          </displaynames>
          <Descriptions>
            <Description description="Version Number" languagecode="1033" />
          </Descriptions>
        </attribute>

      </attributes>
    </entity>
  </EntityInfo>
  <FormXml>
    <forms type="main">
      <form>
        <formid>{9c3f6a7e-5d4e-6f7a-0c9d-1e2f3a4b5c6d}</formid>
        <IntroducedVersion>1.0.0.0</IntroducedVersion>
        <FormPresentation>0</FormPresentation>
        <IsCustomizable>1</IsCustomizable>
        <CanBeDeleted>1</CanBeDeleted>
        <IsAIRMerged>0</IsAIRMerged>
        <FormActivationState>1</FormActivationState>
        <names>
          <name description="Information" languagecode="1033" />
        </names>
        <Descriptions>
          <Description description="Main form for Evaluation Question" languagecode="1033" />
        </Descriptions>
      </form>
    </forms>
  </FormXml>
  <RibbonDiffXml />
  <CustomControlDefaultConfigXml />
  <SavedQueries>
    <savedquery>
      <savedqueryid>{0d4f7b8e-6e5f-7a8b-1d0e-2f3a4b5c6d7e}</savedqueryid>
      <name>Active Evaluation Questions</name>
      <description>All active evaluation questions</description>
      <querytype>0</querytype>
      <isdefault>1</isdefault>
      <IntroducedVersion>1.0.0.0</IntroducedVersion>
      <fetchxml>
        <![CDATA[
        <fetch version="1.0" output-format="xml-platform" mapping="logical" distinct="false">
          <entity name="pm_evaluationquestion">
            <attribute name="pm_questionnumber" />
            <attribute name="pm_questiontext" />
            <attribute name="pm_active" />
            <order attribute="pm_questionnumber" descending="false" />
            <filter type="and">
              <condition attribute="pm_active" operator="eq" value="1" />
            </filter>
          </entity>
        </fetch>
        ]]>
      </fetchxml>
    </savedquery>
  </SavedQueries>
</Entity>
