﻿<?xml version="1.0" encoding="utf-8"?>
<ImportExportXml xmlns:xsi="http://www.w3.org/2001/XMLSchema-instance">
  <Entities>
    <Entity>
      <Name LocalizedName="Staff Member" OriginalName="Staff Member">pm_staffmember</Name>
    </Entity>
    <Entity>
      <Name LocalizedName="Evaluation Question" OriginalName="Evaluation Question">pm_evaluationquestion</Name>
    </Entity>
    <Entity>
      <Name LocalizedName="Weekly Evaluation" OriginalName="Weekly Evaluation">pm_weeklyevaluation</Name>
    </Entity>
    <Entity>
      <Name LocalizedName="Self Evaluation" OriginalName="Self Evaluation">pm_selfevaluation</Name>
    </Entity>
    <Entity>
      <Name LocalizedName="IDP Entry" OriginalName="IDP Entry">pm_idpentry</Name>
    </Entity>
    <Entity>
      <Name LocalizedName="Meeting Note" OriginalName="Meeting Note">pm_meetingnote</Name>
    </Entity>
    <Entity>
      <Name LocalizedName="Goal" OriginalName="Goal">pm_goal</Name>
    </Entity>
    <Entity>
      <Name LocalizedName="Recognition" OriginalName="Recognition">pm_recognition</Name>
    </Entity>
    <Entity>
      <Name LocalizedName="Action Item" OriginalName="Action Item">pm_actionitem</Name>
    </Entity>
  </Entities>
  <Roles />
  <Workflows />
  <FieldSecurityProfiles />
  <Templates />
  <EntityMaps />
  <EntityRelationships />
  <OrganizationSettings />
  <optionsets />
  <CustomControls />
  <SolutionPluginAssemblies />
  <EntityDataProviders />
  <Languages>
    <Language>1033</Language>
  </Languages>
</ImportExportXml>