﻿<?xml version="1.0" encoding="utf-8"?>
<ImportExportXml version="9.2.0.0" SolutionPackageVersion="9.2" languagecode="1033" generatedBy="pac">
  <SolutionManifest>
    <UniqueName>PerformanceManagement</UniqueName>
    <LocalizedNames>
      <LocalizedName description="Performance Management System" languagecode="1033" />
    </LocalizedNames>
    <Descriptions>
      <Description description="Continuous performance management system with weekly micro-evaluations and quarterly self-assessments" languagecode="1033" />
    </Descriptions>
    <Version>1.0.0.0</Version>
    <Managed>0</Managed>
    <Publisher>
      <UniqueName>perfmgmt</UniqueName>
      <LocalizedNames>
        <LocalizedName description="Performance Management Publisher" languagecode="1033" />
      </LocalizedNames>
      <Descriptions>
        <Description description="Performance Management System Publisher" languagecode="1033" />
      </Descriptions>
      <EMailAddress>info@contoso.com</EMailAddress>
      <SupportingWebsiteUrl>https://github.com/performance-management/teams-app</SupportingWebsiteUrl>
      <CustomizationPrefix>pm</CustomizationPrefix>
      <CustomizationOptionValuePrefix>10000</CustomizationOptionValuePrefix>
      <Addresses>
        <Address>
          <AddressNumber>1</AddressNumber>
          <AddressTypeCode>1</AddressTypeCode>
          <City></City>
          <Country></Country>
          <Line1></Line1>
          <PostalCode></PostalCode>
          <StateOrProvince></StateOrProvince>
        </Address>
      </Addresses>
    </Publisher>
    <RootComponents>
      <RootComponent type="1" schemaName="pm_staffmember" behavior="0" />
      <RootComponent type="1" schemaName="pm_evaluationquestion" behavior="0" />
      <RootComponent type="1" schemaName="pm_weeklyevaluation" behavior="0" />
      <RootComponent type="1" schemaName="pm_selfevaluation" behavior="0" />
      <RootComponent type="1" schemaName="pm_idpentry" behavior="0" />
      <RootComponent type="1" schemaName="pm_meetingnote" behavior="0" />
      <RootComponent type="1" schemaName="pm_goal" behavior="0" />
      <RootComponent type="1" schemaName="pm_recognition" behavior="0" />
      <RootComponent type="1" schemaName="pm_actionitem" behavior="0" />
    </RootComponents>
    <MissingDependencies />
  </SolutionManifest>
</ImportExportXml>