<?xml version="1.0" encoding="utf-8"?>
<Entity xmlns:xsi="http://www.w3.org/2001/XMLSchema-instance">
  <EntityInfo>
    <entity Name="pm_weeklyevaluation"
            OwnershipType="UserOwned"
            EntitySetName="pm_weeklyevaluations"
            IsCustomEntity="1"
            IsActivity="0"
            IsActivityParty="0"
            IsAuditEnabled="1"
            IsBPFEntity="0"
            IsChildEntity="0"
            IsConnectionsEnabled="0"
            IsCustomizable="1"
            IsDocumentManagementEnabled="0"
            IsDocumentRecommendationsEnabled="0"
            IsDuplicateDetectionEnabled="0"
            IsEnabledForCharts="0"
            IsEnabledForExternalChannels="0"
            IsEnabledForTrace="0"
            IsImportable="1"
            IsInteractionCentricEnabled="0"
            IsIntersect="0"
            IsKnowledgeManagementEnabled="0"
            IsMailMergeEnabled="0"
            IsMappable="1"
            IsOfflineInMobileClient="0"
            IsOneNoteIntegrationEnabled="0"
            IsOptimisticConcurrencyEnabled="1"
            IsPrivate="0"
            IsQuickCreateEnabled="0"
            IsReadingPaneEnabled="1"
            IsReadOnlyInMobileClient="0"
            IsRenameable="1"
            IsSLAEnabled="0"
            IsStateModelAware="1"
            IsValidForAdvancedFind="1"
            IsValidForQueue="0"
            IsVisibleInMobile="0"
            IsVisibleInMobileClient="1"
            ReportViewName="Filteredpm_weeklyevaluation"
            IntroducedVersion="1.0.0.0">
      <LocalizedNames>
        <LocalizedName description="Weekly Evaluation" languagecode="1033" />
      </LocalizedNames>
      <LocalizedCollectionNames>
        <LocalizedCollectionName description="Weekly Evaluations" languagecode="1033" />
      </LocalizedCollectionNames>
      <Descriptions>
        <Description description="Store supervisor's weekly performance evaluations" languagecode="1033" />
      </Descriptions>
      <attributes>
        <attribute PhysicalName="pm_weeklyevaluationid">
          <Type>primarykey</Type>
          <Name>pm_weeklyevaluationid</Name>
          <LogicalName>pm_weeklyevaluationid</LogicalName>
          <RequiredLevel>systemrequired</RequiredLevel>
          <DisplayMask>ValidForAdvancedFind</DisplayMask>
          <IsPrimaryId>1</IsPrimaryId>
          <IsValidForCreate>0</IsValidForCreate>
          <IsValidForRead>1</IsValidForRead>
          <IsValidForUpdate>0</IsValidForUpdate>
          <IsCustomField>0</IsCustomField>
          <IsAuditEnabled>1</IsAuditEnabled>
          <IsSecured>0</IsSecured>
          <IntroducedVersion>1.0.0.0</IntroducedVersion>
          <IsCustomizable>1</IsCustomizable>
          <IsRenameable>0</IsRenameable>
          <CanModifySearchSettings>1</CanModifySearchSettings>
          <CanModifyRequirementLevelSettings>0</CanModifyRequirementLevelSettings>
          <CanModifyAdditionalSettings>1</CanModifyAdditionalSettings>
          <displaynames>
            <displayname description="Weekly Evaluation ID" languagecode="1033" />
          </displaynames>
          <Descriptions>
            <Description description="Unique identifier for Weekly Evaluation instances" languagecode="1033" />
          </Descriptions>
        </attribute>
        <attribute PhysicalName="pm_name">
          <Type>nvarchar</Type>
          <Name>pm_name</Name>
          <LogicalName>pm_name</LogicalName>
          <RequiredLevel>none</RequiredLevel>
          <DisplayMask>ValidForAdvancedFind</DisplayMask>
          <IsPrimaryName>1</IsPrimaryName>
          <Length>100</Length>
          <AutoNumberFormat>EVAL-{SEQNUM:5}</AutoNumberFormat>
          <IntroducedVersion>1.0.0.0</IntroducedVersion>
          <IsCustomizable>1</IsCustomizable>
          <IsRenameable>1</IsRenameable>
          <CanModifySearchSettings>1</CanModifySearchSettings>
          <CanModifyRequirementLevelSettings>1</CanModifyRequirementLevelSettings>
          <CanModifyAdditionalSettings>1</CanModifyAdditionalSettings>
          <displaynames>
            <displayname description="Evaluation ID" languagecode="1033" />
          </displaynames>
          <Descriptions>
            <Description description="Auto-generated evaluation identifier" languagecode="1033" />
          </Descriptions>
        </attribute>
        <attribute PhysicalName="pm_staffmember">
          <Type>lookup</Type>
          <Name>pm_staffmember</Name>
          <LogicalName>pm_staffmember</LogicalName>
          <RequiredLevel>applicationrequired</RequiredLevel>
          <DisplayMask>ValidForAdvancedFind</DisplayMask>
          <IntroducedVersion>1.0.0.0</IntroducedVersion>
          <IsCustomizable>1</IsCustomizable>
          <IsRenameable>1</IsRenameable>
          <CanModifySearchSettings>1</CanModifySearchSettings>
          <CanModifyRequirementLevelSettings>1</CanModifyRequirementLevelSettings>
          <CanModifyAdditionalSettings>1</CanModifyAdditionalSettings>
          <Targets>
            <Target>pm_staffmember</Target>
          </Targets>
          <displaynames>
            <displayname description="Staff Member" languagecode="1033" />
          </displaynames>
          <Descriptions>
            <Description description="The staff member being evaluated" languagecode="1033" />
          </Descriptions>
        </attribute>
        <attribute PhysicalName="pm_evaluator">
          <Type>lookup</Type>
          <Name>pm_evaluator</Name>
          <LogicalName>pm_evaluator</LogicalName>
          <RequiredLevel>applicationrequired</RequiredLevel>
          <DisplayMask>ValidForAdvancedFind</DisplayMask>
          <IntroducedVersion>1.0.0.0</IntroducedVersion>
          <IsCustomizable>1</IsCustomizable>
          <IsRenameable>1</IsRenameable>
          <CanModifySearchSettings>1</CanModifySearchSettings>
          <CanModifyRequirementLevelSettings>1</CanModifyRequirementLevelSettings>
          <CanModifyAdditionalSettings>1</CanModifyAdditionalSettings>
          <Targets>
            <Target>systemuser</Target>
          </Targets>
          <displaynames>
            <displayname description="Evaluator" languagecode="1033" />
          </displaynames>
          <Descriptions>
            <Description description="The supervisor performing the evaluation" languagecode="1033" />
          </Descriptions>
        </attribute>
        <attribute PhysicalName="pm_question">
          <Type>lookup</Type>
          <Name>pm_question</Name>
          <LogicalName>pm_question</LogicalName>
          <RequiredLevel>applicationrequired</RequiredLevel>
          <DisplayMask>ValidForAdvancedFind</DisplayMask>
          <IntroducedVersion>1.0.0.0</IntroducedVersion>
          <IsCustomizable>1</IsCustomizable>
          <IsRenameable>1</IsRenameable>
          <CanModifySearchSettings>1</CanModifySearchSettings>
          <CanModifyRequirementLevelSettings>1</CanModifyRequirementLevelSettings>
          <CanModifyAdditionalSettings>1</CanModifyAdditionalSettings>
          <Targets>
            <Target>pm_evaluationquestion</Target>
          </Targets>
          <displaynames>
            <displayname description="Question" languagecode="1033" />
          </displaynames>
          <Descriptions>
            <Description description="The evaluation question being answered" languagecode="1033" />
          </Descriptions>
        </attribute>
        <attribute PhysicalName="pm_rating">
          <Type>picklist</Type>
          <Name>pm_rating</Name>
          <LogicalName>pm_rating</LogicalName>
          <RequiredLevel>applicationrequired</RequiredLevel>
          <DisplayMask>ValidForAdvancedFind</DisplayMask>
          <IntroducedVersion>1.0.0.0</IntroducedVersion>
          <IsCustomizable>1</IsCustomizable>
          <IsRenameable>1</IsRenameable>
          <CanModifySearchSettings>1</CanModifySearchSettings>
          <CanModifyRequirementLevelSettings>1</CanModifyRequirementLevelSettings>
          <CanModifyAdditionalSettings>1</CanModifyAdditionalSettings>
          <displaynames>
            <displayname description="Rating" languagecode="1033" />
          </displaynames>
          <Descriptions>
            <Description description="Performance rating (1-5 scale)" languagecode="1033" />
          </Descriptions>
          <optionset Name="pm_rating">
            <IsSorted>0</IsSorted>
            <IsGlobal>0</IsGlobal>
            <IntroducedVersion>1.0.0.0</IntroducedVersion>
            <options>
              <option value="1">
                <labels>
                  <label description="1 - Not Satisfactory" languagecode="1033" />
                </labels>
              </option>
              <option value="2">
                <labels>
                  <label description="2 - Below Standard" languagecode="1033" />
                </labels>
              </option>
              <option value="3">
                <labels>
                  <label description="3 - Meets Standard" languagecode="1033" />
                </labels>
              </option>
              <option value="4">
                <labels>
                  <label description="4 - Exceeds Standard" languagecode="1033" />
                </labels>
              </option>
              <option value="5">
                <labels>
                  <label description="5 - Exceptional" languagecode="1033" />
                </labels>
              </option>
              <option value="6">
                <labels>
                  <label description="Insufficient Data" languagecode="1033" />
                </labels>
              </option>
            </options>
          </optionset>
        </attribute>
        <attribute PhysicalName="pm_notes">
          <Type>memo</Type>
          <Name>pm_notes</Name>
          <LogicalName>pm_notes</LogicalName>
          <RequiredLevel>none</RequiredLevel>
          <DisplayMask>ValidForAdvancedFind</DisplayMask>
          <MaxLength>5000</MaxLength>
          <IntroducedVersion>1.0.0.0</IntroducedVersion>
          <IsCustomizable>1</IsCustomizable>
          <IsRenameable>1</IsRenameable>
          <CanModifySearchSettings>1</CanModifySearchSettings>
          <CanModifyRequirementLevelSettings>1</CanModifyRequirementLevelSettings>
          <CanModifyAdditionalSettings>1</CanModifyAdditionalSettings>
          <displaynames>
            <displayname description="Notes" languagecode="1033" />
          </displaynames>
          <Descriptions>
            <Description description="Additional notes and observations" languagecode="1033" />
          </Descriptions>
        </attribute>
        <attribute PhysicalName="pm_evaluationdate">
          <Type>datetime</Type>
          <Name>pm_evaluationdate</Name>
          <LogicalName>pm_evaluationdate</LogicalName>
          <RequiredLevel>applicationrequired</RequiredLevel>
          <DisplayMask>ValidForAdvancedFind</DisplayMask>
          <Format>DateOnly</Format>
          <IntroducedVersion>1.0.0.0</IntroducedVersion>
          <IsCustomizable>1</IsCustomizable>
          <IsRenameable>1</IsRenameable>
          <CanModifySearchSettings>1</CanModifySearchSettings>
          <CanModifyRequirementLevelSettings>1</CanModifyRequirementLevelSettings>
          <CanModifyAdditionalSettings>1</CanModifyAdditionalSettings>
          <displaynames>
            <displayname description="Evaluation Date" languagecode="1033" />
          </displaynames>
          <Descriptions>
            <Description description="Date of the evaluation" languagecode="1033" />
          </Descriptions>
        </attribute>
        <attribute PhysicalName="pm_evaluationtype">
          <Type>picklist</Type>
          <Name>pm_evaluationtype</Name>
          <LogicalName>pm_evaluationtype</LogicalName>
          <RequiredLevel>none</RequiredLevel>
          <DisplayMask>ValidForAdvancedFind</DisplayMask>
          <IntroducedVersion>1.0.0.0</IntroducedVersion>
          <IsCustomizable>1</IsCustomizable>
          <IsRenameable>1</IsRenameable>
          <CanModifySearchSettings>1</CanModifySearchSettings>
          <CanModifyRequirementLevelSettings>1</CanModifyRequirementLevelSettings>
          <CanModifyAdditionalSettings>1</CanModifyAdditionalSettings>
          <displaynames>
            <displayname description="Evaluation Type" languagecode="1033" />
          </displaynames>
          <Descriptions>
            <Description description="Type of evaluation" languagecode="1033" />
          </Descriptions>
          <optionset Name="pm_evaluationtype">
            <IsSorted>0</IsSorted>
            <IsGlobal>0</IsGlobal>
            <IntroducedVersion>1.0.0.0</IntroducedVersion>
            <options>
              <option value="1">
                <labels>
                  <label description="Weekly Suggested" languagecode="1033" />
                </labels>
              </option>
              <option value="2">
                <labels>
                  <label description="Ad Hoc" languagecode="1033" />
                </labels>
              </option>
            </options>
          </optionset>
        </attribute>

        <!-- Standard Dataverse System Fields -->
        <attribute PhysicalName="CreatedBy">
          <Type>lookup</Type>
          <Name>createdby</Name>
          <LogicalName>createdby</LogicalName>
          <RequiredLevel>none</RequiredLevel>
          <DisplayMask>ValidForAdvancedFind</DisplayMask>
          <IsValidForCreate>0</IsValidForCreate>
          <IsValidForRead>1</IsValidForRead>
          <IsValidForUpdate>0</IsValidForUpdate>
          <IsCustomField>0</IsCustomField>
          <IsAuditEnabled>0</IsAuditEnabled>
          <IsSecured>0</IsSecured>
          <IntroducedVersion>1.0.0.0</IntroducedVersion>
          <IsCustomizable>1</IsCustomizable>
          <IsRenameable>1</IsRenameable>
          <CanModifySearchSettings>1</CanModifySearchSettings>
          <CanModifyRequirementLevelSettings>1</CanModifyRequirementLevelSettings>
          <CanModifyAdditionalSettings>1</CanModifyAdditionalSettings>
          <LookupStyle>single</LookupStyle>
          <LookupTypes />
          <displaynames>
            <displayname description="Created By" languagecode="1033" />
          </displaynames>
          <Descriptions>
            <Description description="Unique identifier of the user who created the record." languagecode="1033" />
          </Descriptions>
        </attribute>
        <attribute PhysicalName="CreatedOn">
          <Type>datetime</Type>
          <Name>createdon</Name>
          <LogicalName>createdon</LogicalName>
          <RequiredLevel>none</RequiredLevel>
          <DisplayMask>ValidForAdvancedFind</DisplayMask>
          <IsValidForCreate>0</IsValidForCreate>
          <IsValidForRead>1</IsValidForRead>
          <IsValidForUpdate>0</IsValidForUpdate>
          <IsCustomField>0</IsCustomField>
          <IsAuditEnabled>0</IsAuditEnabled>
          <IsSecured>0</IsSecured>
          <IntroducedVersion>1.0.0.0</IntroducedVersion>
          <IsCustomizable>1</IsCustomizable>
          <IsRenameable>1</IsRenameable>
          <CanModifySearchSettings>1</CanModifySearchSettings>
          <CanModifyRequirementLevelSettings>1</CanModifyRequirementLevelSettings>
          <CanModifyAdditionalSettings>1</CanModifyAdditionalSettings>
          <Format>datetime</Format>
          <Behavior>1</Behavior>
          <displaynames>
            <displayname description="Created On" languagecode="1033" />
          </displaynames>
          <Descriptions>
            <Description description="Date and time when the record was created." languagecode="1033" />
          </Descriptions>
        </attribute>
        <attribute PhysicalName="CreatedOnBehalfBy">
          <Type>lookup</Type>
          <Name>createdonbehalfby</Name>
          <LogicalName>createdonbehalfby</LogicalName>
          <RequiredLevel>none</RequiredLevel>
          <DisplayMask>ValidForAdvancedFind</DisplayMask>
          <IsValidForCreate>0</IsValidForCreate>
          <IsValidForRead>1</IsValidForRead>
          <IsValidForUpdate>0</IsValidForUpdate>
          <IsCustomField>0</IsCustomField>
          <IsAuditEnabled>0</IsAuditEnabled>
          <IsSecured>0</IsSecured>
          <IntroducedVersion>1.0.0.0</IntroducedVersion>
          <IsCustomizable>1</IsCustomizable>
          <IsRenameable>1</IsRenameable>
          <CanModifySearchSettings>1</CanModifySearchSettings>
          <CanModifyRequirementLevelSettings>1</CanModifyRequirementLevelSettings>
          <CanModifyAdditionalSettings>1</CanModifyAdditionalSettings>
          <LookupStyle>single</LookupStyle>
          <LookupTypes />
          <displaynames>
            <displayname description="Created By (Delegate)" languagecode="1033" />
          </displaynames>
          <Descriptions>
            <Description description="Unique identifier of the delegate user who created the record." languagecode="1033" />
          </Descriptions>
        </attribute>
        <attribute PhysicalName="ImportSequenceNumber">
          <Type>int</Type>
          <Name>importsequencenumber</Name>
          <LogicalName>importsequencenumber</LogicalName>
          <RequiredLevel>none</RequiredLevel>
          <DisplayMask>ValidForAdvancedFind</DisplayMask>
          <IsValidForCreate>1</IsValidForCreate>
          <IsValidForRead>1</IsValidForRead>
          <IsValidForUpdate>0</IsValidForUpdate>
          <IsCustomField>0</IsCustomField>
          <IsAuditEnabled>1</IsAuditEnabled>
          <IsSecured>0</IsSecured>
          <IntroducedVersion>1.0.0.0</IntroducedVersion>
          <IsCustomizable>1</IsCustomizable>
          <IsRenameable>1</IsRenameable>
          <CanModifySearchSettings>1</CanModifySearchSettings>
          <CanModifyRequirementLevelSettings>1</CanModifyRequirementLevelSettings>
          <CanModifyAdditionalSettings>1</CanModifyAdditionalSettings>
          <MinValue>-2147483648</MinValue>
          <MaxValue>2147483647</MaxValue>
          <displaynames>
            <displayname description="Import Sequence Number" languagecode="1033" />
          </displaynames>
          <Descriptions>
            <Description description="Sequence number of the import that created this record." languagecode="1033" />
          </Descriptions>
        </attribute>
        <attribute PhysicalName="ModifiedBy">
          <Type>lookup</Type>
          <Name>modifiedby</Name>
          <LogicalName>modifiedby</LogicalName>
          <RequiredLevel>none</RequiredLevel>
          <DisplayMask>ValidForAdvancedFind</DisplayMask>
          <IsValidForCreate>0</IsValidForCreate>
          <IsValidForRead>1</IsValidForRead>
          <IsValidForUpdate>0</IsValidForUpdate>
          <IsCustomField>0</IsCustomField>
          <IsAuditEnabled>0</IsAuditEnabled>
          <IsSecured>0</IsSecured>
          <IntroducedVersion>1.0.0.0</IntroducedVersion>
          <IsCustomizable>1</IsCustomizable>
          <IsRenameable>1</IsRenameable>
          <CanModifySearchSettings>1</CanModifySearchSettings>
          <CanModifyRequirementLevelSettings>1</CanModifyRequirementLevelSettings>
          <CanModifyAdditionalSettings>1</CanModifyAdditionalSettings>
          <LookupStyle>single</LookupStyle>
          <LookupTypes />
          <displaynames>
            <displayname description="Modified By" languagecode="1033" />
          </displaynames>
          <Descriptions>
            <Description description="Unique identifier of the user who modified the record." languagecode="1033" />
          </Descriptions>
        </attribute>
        <attribute PhysicalName="ModifiedOn">
          <Type>datetime</Type>
          <Name>modifiedon</Name>
          <LogicalName>modifiedon</LogicalName>
          <RequiredLevel>none</RequiredLevel>
          <DisplayMask>ValidForAdvancedFind</DisplayMask>
          <IsValidForCreate>0</IsValidForCreate>
          <IsValidForRead>1</IsValidForRead>
          <IsValidForUpdate>0</IsValidForUpdate>
          <IsCustomField>0</IsCustomField>
          <IsAuditEnabled>0</IsAuditEnabled>
          <IsSecured>0</IsSecured>
          <IntroducedVersion>1.0.0.0</IntroducedVersion>
          <IsCustomizable>1</IsCustomizable>
          <IsRenameable>1</IsRenameable>
          <CanModifySearchSettings>1</CanModifySearchSettings>
          <CanModifyRequirementLevelSettings>1</CanModifyRequirementLevelSettings>
          <CanModifyAdditionalSettings>1</CanModifyAdditionalSettings>
          <Format>datetime</Format>
          <Behavior>1</Behavior>
          <displaynames>
            <displayname description="Modified On" languagecode="1033" />
          </displaynames>
          <Descriptions>
            <Description description="Date and time when the record was modified." languagecode="1033" />
          </Descriptions>
        </attribute>
        <attribute PhysicalName="ModifiedOnBehalfBy">
          <Type>lookup</Type>
          <Name>modifiedonbehalfby</Name>
          <LogicalName>modifiedonbehalfby</LogicalName>
          <RequiredLevel>none</RequiredLevel>
          <DisplayMask>ValidForAdvancedFind</DisplayMask>
          <IsValidForCreate>0</IsValidForCreate>
          <IsValidForRead>1</IsValidForRead>
          <IsValidForUpdate>0</IsValidForUpdate>
          <IsCustomField>0</IsCustomField>
          <IsAuditEnabled>0</IsAuditEnabled>
          <IsSecured>0</IsSecured>
          <IntroducedVersion>1.0.0.0</IntroducedVersion>
          <IsCustomizable>1</IsCustomizable>
          <IsRenameable>1</IsRenameable>
          <CanModifySearchSettings>1</CanModifySearchSettings>
          <CanModifyRequirementLevelSettings>1</CanModifyRequirementLevelSettings>
          <CanModifyAdditionalSettings>1</CanModifyAdditionalSettings>
          <LookupStyle>single</LookupStyle>
          <LookupTypes />
          <displaynames>
            <displayname description="Modified By (Delegate)" languagecode="1033" />
          </displaynames>
          <Descriptions>
            <Description description="Unique identifier of the delegate user who modified the record." languagecode="1033" />
          </Descriptions>
        </attribute>
        <attribute PhysicalName="OverriddenCreatedOn">
          <Type>datetime</Type>
          <Name>overriddencreatedon</Name>
          <LogicalName>overriddencreatedon</LogicalName>
          <RequiredLevel>none</RequiredLevel>
          <DisplayMask>ValidForAdvancedFind</DisplayMask>
          <IsValidForCreate>1</IsValidForCreate>
          <IsValidForRead>1</IsValidForRead>
          <IsValidForUpdate>0</IsValidForUpdate>
          <IsCustomField>0</IsCustomField>
          <IsAuditEnabled>1</IsAuditEnabled>
          <IsSecured>0</IsSecured>
          <IntroducedVersion>1.0.0.0</IntroducedVersion>
          <IsCustomizable>1</IsCustomizable>
          <IsRenameable>1</IsRenameable>
          <CanModifySearchSettings>1</CanModifySearchSettings>
          <CanModifyRequirementLevelSettings>1</CanModifyRequirementLevelSettings>
          <CanModifyAdditionalSettings>1</CanModifyAdditionalSettings>
          <Format>datetime</Format>
          <Behavior>1</Behavior>
          <displaynames>
            <displayname description="Record Created On" languagecode="1033" />
          </displaynames>
          <Descriptions>
            <Description description="Date and time that the record was migrated." languagecode="1033" />
          </Descriptions>
        </attribute>
        <attribute PhysicalName="OwnerId">
          <Type>owner</Type>
          <Name>ownerid</Name>
          <LogicalName>ownerid</LogicalName>
          <RequiredLevel>systemrequired</RequiredLevel>
          <DisplayMask>ValidForAdvancedFind</DisplayMask>
          <IsValidForCreate>1</IsValidForCreate>
          <IsValidForRead>1</IsValidForRead>
          <IsValidForUpdate>1</IsValidForUpdate>
          <IsCustomField>0</IsCustomField>
          <IsAuditEnabled>0</IsAuditEnabled>
          <IsSecured>0</IsSecured>
          <IntroducedVersion>1.0.0.0</IntroducedVersion>
          <IsCustomizable>1</IsCustomizable>
          <IsRenameable>1</IsRenameable>
          <CanModifySearchSettings>1</CanModifySearchSettings>
          <CanModifyRequirementLevelSettings>1</CanModifyRequirementLevelSettings>
          <CanModifyAdditionalSettings>1</CanModifyAdditionalSettings>
          <LookupStyle>single</LookupStyle>
          <LookupTypes />
          <displaynames>
            <displayname description="Owner" languagecode="1033" />
          </displaynames>
          <Descriptions>
            <Description description="Owner Id" languagecode="1033" />
          </Descriptions>
        </attribute>
        <attribute PhysicalName="OwningBusinessUnit">
          <Type>lookup</Type>
          <Name>owningbusinessunit</Name>
          <LogicalName>owningbusinessunit</LogicalName>
          <RequiredLevel>none</RequiredLevel>
          <DisplayMask>ValidForAdvancedFind</DisplayMask>
          <IsValidForCreate>0</IsValidForCreate>
          <IsValidForRead>1</IsValidForRead>
          <IsValidForUpdate>0</IsValidForUpdate>
          <IsCustomField>0</IsCustomField>
          <IsAuditEnabled>0</IsAuditEnabled>
          <IsSecured>0</IsSecured>
          <IntroducedVersion>1.0.0.0</IntroducedVersion>
          <IsCustomizable>1</IsCustomizable>
          <IsRenameable>1</IsRenameable>
          <CanModifySearchSettings>1</CanModifySearchSettings>
          <CanModifyRequirementLevelSettings>1</CanModifyRequirementLevelSettings>
          <CanModifyAdditionalSettings>1</CanModifyAdditionalSettings>
          <LookupStyle>single</LookupStyle>
          <LookupTypes />
          <displaynames>
            <displayname description="Owning Business Unit" languagecode="1033" />
          </displaynames>
          <Descriptions>
            <Description description="Unique identifier for the business unit that owns the record" languagecode="1033" />
          </Descriptions>
        </attribute>
        <attribute PhysicalName="OwningTeam">
          <Type>lookup</Type>
          <Name>owningteam</Name>
          <LogicalName>owningteam</LogicalName>
          <RequiredLevel>none</RequiredLevel>
          <DisplayMask>ValidForAdvancedFind</DisplayMask>
          <IsValidForCreate>0</IsValidForCreate>
          <IsValidForRead>1</IsValidForRead>
          <IsValidForUpdate>0</IsValidForUpdate>
          <IsCustomField>0</IsCustomField>
          <IsAuditEnabled>0</IsAuditEnabled>
          <IsSecured>0</IsSecured>
          <IntroducedVersion>1.0.0.0</IntroducedVersion>
          <IsCustomizable>1</IsCustomizable>
          <IsRenameable>1</IsRenameable>
          <CanModifySearchSettings>1</CanModifySearchSettings>
          <CanModifyRequirementLevelSettings>1</CanModifyRequirementLevelSettings>
          <CanModifyAdditionalSettings>1</CanModifyAdditionalSettings>
          <LookupStyle>single</LookupStyle>
          <LookupTypes />
          <displaynames>
            <displayname description="Owning Team" languagecode="1033" />
          </displaynames>
          <Descriptions>
            <Description description="Unique identifier for the team that owns the record." languagecode="1033" />
          </Descriptions>
        </attribute>
        <attribute PhysicalName="OwningUser">
          <Type>lookup</Type>
          <Name>owninguser</Name>
          <LogicalName>owninguser</LogicalName>
          <RequiredLevel>none</RequiredLevel>
          <DisplayMask>ValidForAdvancedFind</DisplayMask>
          <IsValidForCreate>0</IsValidForCreate>
          <IsValidForRead>1</IsValidForRead>
          <IsValidForUpdate>0</IsValidForUpdate>
          <IsCustomField>0</IsCustomField>
          <IsAuditEnabled>0</IsAuditEnabled>
          <IsSecured>0</IsSecured>
          <IntroducedVersion>1.0.0.0</IntroducedVersion>
          <IsCustomizable>1</IsCustomizable>
          <IsRenameable>1</IsRenameable>
          <CanModifySearchSettings>1</CanModifySearchSettings>
          <CanModifyRequirementLevelSettings>1</CanModifyRequirementLevelSettings>
          <CanModifyAdditionalSettings>1</CanModifyAdditionalSettings>
          <LookupStyle>single</LookupStyle>
          <LookupTypes />
          <displaynames>
            <displayname description="Owning User" languagecode="1033" />
          </displaynames>
          <Descriptions>
            <Description description="Unique identifier for the user that owns the record." languagecode="1033" />
          </Descriptions>
        </attribute>
        <attribute PhysicalName="statecode">
          <Type>state</Type>
          <Name>statecode</Name>
          <LogicalName>statecode</LogicalName>
          <RequiredLevel>systemrequired</RequiredLevel>
          <DisplayMask>ValidForAdvancedFind</DisplayMask>
          <IsValidForCreate>0</IsValidForCreate>
          <IsValidForRead>1</IsValidForRead>
          <IsValidForUpdate>1</IsValidForUpdate>
          <IsCustomField>0</IsCustomField>
          <IsAuditEnabled>0</IsAuditEnabled>
          <IsSecured>0</IsSecured>
          <IntroducedVersion>1.0.0.0</IntroducedVersion>
          <IsCustomizable>1</IsCustomizable>
          <IsRenameable>1</IsRenameable>
          <CanModifySearchSettings>1</CanModifySearchSettings>
          <CanModifyRequirementLevelSettings>1</CanModifyRequirementLevelSettings>
          <CanModifyAdditionalSettings>1</CanModifyAdditionalSettings>
          <displaynames>
            <displayname description="Status" languagecode="1033" />
          </displaynames>
          <Descriptions>
            <Description description="Status of the record" languagecode="1033" />
          </Descriptions>
          <optionset Name="pm_weeklyevaluation_statecode">
            <OptionSetType>state</OptionSetType>
            <IntroducedVersion>1.0.0.0</IntroducedVersion>
            <IsCustomizable>1</IsCustomizable>
            <IsGlobal>0</IsGlobal>
            <options>
              <option value="0" defaultstatus="1">
                <labels>
                  <label description="Active" languagecode="1033" />
                </labels>
              </option>
              <option value="1" defaultstatus="2">
                <labels>
                  <label description="Inactive" languagecode="1033" />
                </labels>
              </option>
            </options>
          </optionset>
        </attribute>
        <attribute PhysicalName="statuscode">
          <Type>status</Type>
          <Name>statuscode</Name>
          <LogicalName>statuscode</LogicalName>
          <RequiredLevel>none</RequiredLevel>
          <DisplayMask>ValidForAdvancedFind</DisplayMask>
          <IsValidForCreate>1</IsValidForCreate>
          <IsValidForRead>1</IsValidForRead>
          <IsValidForUpdate>1</IsValidForUpdate>
          <IsCustomField>0</IsCustomField>
          <IsAuditEnabled>0</IsAuditEnabled>
          <IsSecured>0</IsSecured>
          <IntroducedVersion>1.0.0.0</IntroducedVersion>
          <IsCustomizable>1</IsCustomizable>
          <IsRenameable>1</IsRenameable>
          <CanModifySearchSettings>1</CanModifySearchSettings>
          <CanModifyRequirementLevelSettings>1</CanModifyRequirementLevelSettings>
          <CanModifyAdditionalSettings>1</CanModifyAdditionalSettings>
          <displaynames>
            <displayname description="Status Reason" languagecode="1033" />
          </displaynames>
          <Descriptions>
            <Description description="Reason for the status of the record" languagecode="1033" />
          </Descriptions>
          <optionset Name="pm_weeklyevaluation_statuscode">
            <OptionSetType>status</OptionSetType>
            <IntroducedVersion>1.0.0.0</IntroducedVersion>
            <IsCustomizable>1</IsCustomizable>
            <IsGlobal>0</IsGlobal>
            <options>
              <option value="1" state="0">
                <labels>
                  <label description="Active" languagecode="1033" />
                </labels>
              </option>
              <option value="2" state="1">
                <labels>
                  <label description="Inactive" languagecode="1033" />
                </labels>
              </option>
            </options>
          </optionset>
        </attribute>
        <attribute PhysicalName="TimeZoneRuleVersionNumber">
          <Type>int</Type>
          <Name>timezoneruleversionnumber</Name>
          <LogicalName>timezoneruleversionnumber</LogicalName>
          <RequiredLevel>none</RequiredLevel>
          <DisplayMask>ValidForAdvancedFind</DisplayMask>
          <IsValidForCreate>1</IsValidForCreate>
          <IsValidForRead>1</IsValidForRead>
          <IsValidForUpdate>1</IsValidForUpdate>
          <IsCustomField>0</IsCustomField>
          <IsAuditEnabled>1</IsAuditEnabled>
          <IsSecured>0</IsSecured>
          <IntroducedVersion>1.0.0.0</IntroducedVersion>
          <IsCustomizable>1</IsCustomizable>
          <IsRenameable>1</IsRenameable>
          <CanModifySearchSettings>1</CanModifySearchSettings>
          <CanModifyRequirementLevelSettings>1</CanModifyRequirementLevelSettings>
          <CanModifyAdditionalSettings>1</CanModifyAdditionalSettings>
          <MinValue>-1</MinValue>
          <MaxValue>2147483647</MaxValue>
          <displaynames>
            <displayname description="Time Zone Rule Version Number" languagecode="1033" />
          </displaynames>
          <Descriptions>
            <Description description="For internal use only." languagecode="1033" />
          </Descriptions>
        </attribute>
        <attribute PhysicalName="UTCConversionTimeZoneCode">
          <Type>int</Type>
          <Name>utcconversiontimezonecode</Name>
          <LogicalName>utcconversiontimezonecode</LogicalName>
          <RequiredLevel>none</RequiredLevel>
          <DisplayMask>ValidForAdvancedFind</DisplayMask>
          <IsValidForCreate>1</IsValidForCreate>
          <IsValidForRead>1</IsValidForRead>
          <IsValidForUpdate>1</IsValidForUpdate>
          <IsCustomField>0</IsCustomField>
          <IsAuditEnabled>1</IsAuditEnabled>
          <IsSecured>0</IsSecured>
          <IntroducedVersion>1.0.0.0</IntroducedVersion>
          <IsCustomizable>1</IsCustomizable>
          <IsRenameable>1</IsRenameable>
          <CanModifySearchSettings>1</CanModifySearchSettings>
          <CanModifyRequirementLevelSettings>1</CanModifyRequirementLevelSettings>
          <CanModifyAdditionalSettings>1</CanModifyAdditionalSettings>
          <MinValue>-1</MinValue>
          <MaxValue>2147483647</MaxValue>
          <displaynames>
            <displayname description="UTC Conversion Time Zone Code" languagecode="1033" />
          </displaynames>
          <Descriptions>
            <Description description="Time zone code that was in use when the record was created." languagecode="1033" />
          </Descriptions>
        </attribute>
        <attribute PhysicalName="VersionNumber">
          <Type>bigint</Type>
          <Name>versionnumber</Name>
          <LogicalName>versionnumber</LogicalName>
          <RequiredLevel>none</RequiredLevel>
          <DisplayMask>ValidForAdvancedFind</DisplayMask>
          <IsValidForCreate>0</IsValidForCreate>
          <IsValidForRead>1</IsValidForRead>
          <IsValidForUpdate>0</IsValidForUpdate>
          <IsCustomField>0</IsCustomField>
          <IsAuditEnabled>1</IsAuditEnabled>
          <IsSecured>0</IsSecured>
          <IntroducedVersion>1.0.0.0</IntroducedVersion>
          <IsCustomizable>1</IsCustomizable>
          <IsRenameable>1</IsRenameable>
          <CanModifySearchSettings>1</CanModifySearchSettings>
          <CanModifyRequirementLevelSettings>1</CanModifyRequirementLevelSettings>
          <CanModifyAdditionalSettings>1</CanModifyAdditionalSettings>
          <MinValue>-9223372036854775808</MinValue>
          <MaxValue>9223372036854775807</MaxValue>
          <displaynames>
            <displayname description="Version Number" languagecode="1033" />
          </displaynames>
          <Descriptions>
            <Description description="Version Number" languagecode="1033" />
          </Descriptions>
        </attribute>

      </attributes>
    </entity>
  </EntityInfo>
  <FormXml>
    <forms type="main">
      <form>
        <formid>{1e5f8c9d-7f6e-8a9b-2e1f-3a4b5c6d7e8f}</formid>
        <IntroducedVersion>1.0.0.0</IntroducedVersion>
        <FormPresentation>0</FormPresentation>
        <IsCustomizable>1</IsCustomizable>
        <CanBeDeleted>1</CanBeDeleted>
        <IsAIRMerged>0</IsAIRMerged>
        <FormActivationState>1</FormActivationState>
        <names>
          <name description="Information" languagecode="1033" />
        </names>
        <Descriptions>
          <Description description="Main form for Weekly Evaluation" languagecode="1033" />
        </Descriptions>
      </form>
    </forms>
  </FormXml>
  <RibbonDiffXml />
  <CustomControlDefaultConfigXml />
  <SavedQueries>
    <savedquery>
      <savedqueryid>{2f6a9d0e-8a7f-9b0c-3f2a-4b5c6d7e8f9a}</savedqueryid>
      <name>Recent Evaluations</name>
      <description>Recent weekly evaluations</description>
      <querytype>0</querytype>
      <isdefault>1</isdefault>
      <IntroducedVersion>1.0.0.0</IntroducedVersion>
      <fetchxml>
        <![CDATA[
        <fetch version="1.0" output-format="xml-platform" mapping="logical" distinct="false">
          <entity name="pm_weeklyevaluation">
            <attribute name="pm_name" />
            <attribute name="pm_staffmember" />
            <attribute name="pm_evaluator" />
            <attribute name="pm_question" />
            <attribute name="pm_rating" />
            <attribute name="pm_evaluationdate" />
            <attribute name="pm_evaluationtype" />
            <order attribute="pm_evaluationdate" descending="true" />
          </entity>
        </fetch>
        ]]>
      </fetchxml>
    </savedquery>
  </SavedQueries>
</Entity>
