<?xml version="1.0" encoding="utf-8"?>
<Entity xmlns:xsi="http://www.w3.org/2001/XMLSchema-instance">
  <EntityInfo>
    <entity Name="pm_goal"
            OwnershipType="UserOwned"
            EntitySetName="pm_goals"
            IsCustomEntity="1"
            IsActivity="0"
            IsActivityParty="0"
            IsAuditEnabled="1"
            IsBPFEntity="0"
            IsChildEntity="0"
            IsConnectionsEnabled="0"
            IsCustomizable="1"
            IsDocumentManagementEnabled="0"
            IsDocumentRecommendationsEnabled="0"
            IsDuplicateDetectionEnabled="0"
            IsEnabledForCharts="0"
            IsEnabledForExternalChannels="0"
            IsEnabledForTrace="0"
            IsImportable="1"
            IsInteractionCentricEnabled="0"
            IsIntersect="0"
            IsKnowledgeManagementEnabled="0"
            IsMailMergeEnabled="0"
            IsMappable="1"
            IsOfflineInMobileClient="0"
            IsOneNoteIntegrationEnabled="0"
            IsOptimisticConcurrencyEnabled="1"
            IsPrivate="0"
            IsQuickCreateEnabled="0"
            IsReadingPaneEnabled="1"
            IsReadOnlyInMobileClient="0"
            IsRenameable="1"
            IsSLAEnabled="0"
            IsStateModelAware="1"
            IsValidForAdvancedFind="1"
            IsValidForQueue="0"
            IsVisibleInMobile="0"
            IsVisibleInMobileClient="1"
            ReportViewName="Filteredpm_goal"
            IntroducedVersion="1.0.0.0">
      <LocalizedNames>
        <LocalizedName description="Goal" languagecode="1033" />
      </LocalizedNames>
      <LocalizedCollectionNames>
        <LocalizedCollectionName description="Goals" languagecode="1033" />
      </LocalizedCollectionNames>
      <Descriptions>
        <Description description="Performance and development goals tracking" languagecode="1033" />
      </Descriptions>
      <attributes>
        <attribute PhysicalName="pm_goalid">
          <Type>primarykey</Type>
          <Name>pm_goalid</Name>
          <LogicalName>pm_goalid</LogicalName>
          <RequiredLevel>systemrequired</RequiredLevel>
          <IsPrimaryId>1</IsPrimaryId>
          <IntroducedVersion>1.0.0.0</IntroducedVersion>
          <displaynames>
            <displayname description="Goal ID" languagecode="1033" />
          </displaynames>
        </attribute>
        <attribute PhysicalName="pm_goaldescription">
          <Type>memo</Type>
          <Name>pm_goaldescription</Name>
          <LogicalName>pm_goaldescription</LogicalName>
          <RequiredLevel>applicationrequired</RequiredLevel>
          <IsPrimaryName>1</IsPrimaryName>
          <MaxLength>500</MaxLength>
          <IntroducedVersion>1.0.0.0</IntroducedVersion>
          <displaynames>
            <displayname description="Goal Description" languagecode="1033" />
          </displaynames>
        </attribute>
        <attribute PhysicalName="pm_staffmember">
          <Type>lookup</Type>
          <Name>pm_staffmember</Name>
          <LogicalName>pm_staffmember</LogicalName>
          <RequiredLevel>applicationrequired</RequiredLevel>
          <IntroducedVersion>1.0.0.0</IntroducedVersion>
          <Targets>
            <Target>pm_staffmember</Target>
          </Targets>
          <displaynames>
            <displayname description="Staff Member" languagecode="1033" />
          </displaynames>
        </attribute>
        <attribute PhysicalName="pm_status">
          <Type>picklist</Type>
          <Name>pm_status</Name>
          <LogicalName>pm_status</LogicalName>
          <RequiredLevel>none</RequiredLevel>
          <IntroducedVersion>1.0.0.0</IntroducedVersion>
          <displaynames>
            <displayname description="Status" languagecode="1033" />
          </displaynames>
          <optionset Name="pm_goalstatus">
            <IsSorted>0</IsSorted>
            <IsGlobal>0</IsGlobal>
            <IntroducedVersion>1.0.0.0</IntroducedVersion>
            <options>
              <option value="1"><labels><label description="Not Started" languagecode="1033" /></labels></option>
              <option value="2"><labels><label description="In Progress" languagecode="1033" /></labels></option>
              <option value="3"><labels><label description="Completed" languagecode="1033" /></labels></option>
              <option value="4"><labels><label description="Blocked" languagecode="1033" /></labels></option>
            </options>
          </optionset>
        </attribute>
        <attribute PhysicalName="pm_completionpercentage">
          <Type>int</Type>
          <Name>pm_completionpercentage</Name>
          <LogicalName>pm_completionpercentage</LogicalName>
          <RequiredLevel>none</RequiredLevel>
          <MinValue>0</MinValue>
          <MaxValue>100</MaxValue>
          <IntroducedVersion>1.0.0.0</IntroducedVersion>
          <displaynames>
            <displayname description="Completion Percentage" languagecode="1033" />
          </displaynames>
        </attribute>
        <attribute PhysicalName="pm_duedate">
          <Type>datetime</Type>
          <Name>pm_duedate</Name>
          <LogicalName>pm_duedate</LogicalName>
          <RequiredLevel>none</RequiredLevel>
          <Format>DateOnly</Format>
          <IntroducedVersion>1.0.0.0</IntroducedVersion>
          <displaynames>
            <displayname description="Due Date" languagecode="1033" />
          </displaynames>
        </attribute>

        <!-- Standard Dataverse System Fields -->
        <attribute PhysicalName="CreatedBy">
          <Type>lookup</Type>
          <Name>createdby</Name>
          <LogicalName>createdby</LogicalName>
          <RequiredLevel>none</RequiredLevel>
          <DisplayMask>ValidForAdvancedFind</DisplayMask>
          <IsValidForCreate>0</IsValidForCreate>
          <IsValidForRead>1</IsValidForRead>
          <IsValidForUpdate>0</IsValidForUpdate>
          <IsCustomField>0</IsCustomField>
          <IsAuditEnabled>0</IsAuditEnabled>
          <IsSecured>0</IsSecured>
          <IntroducedVersion>1.0.0.0</IntroducedVersion>
          <IsCustomizable>1</IsCustomizable>
          <IsRenameable>1</IsRenameable>
          <CanModifySearchSettings>1</CanModifySearchSettings>
          <CanModifyRequirementLevelSettings>1</CanModifyRequirementLevelSettings>
          <CanModifyAdditionalSettings>1</CanModifyAdditionalSettings>
          <LookupStyle>single</LookupStyle>
          <LookupTypes />
          <displaynames>
            <displayname description="Created By" languagecode="1033" />
          </displaynames>
          <Descriptions>
            <Description description="Unique identifier of the user who created the record." languagecode="1033" />
          </Descriptions>
        </attribute>
        <attribute PhysicalName="CreatedOn">
          <Type>datetime</Type>
          <Name>createdon</Name>
          <LogicalName>createdon</LogicalName>
          <RequiredLevel>none</RequiredLevel>
          <DisplayMask>ValidForAdvancedFind</DisplayMask>
          <IsValidForCreate>0</IsValidForCreate>
          <IsValidForRead>1</IsValidForRead>
          <IsValidForUpdate>0</IsValidForUpdate>
          <IsCustomField>0</IsCustomField>
          <IsAuditEnabled>0</IsAuditEnabled>
          <IsSecured>0</IsSecured>
          <IntroducedVersion>1.0.0.0</IntroducedVersion>
          <IsCustomizable>1</IsCustomizable>
          <IsRenameable>1</IsRenameable>
          <CanModifySearchSettings>1</CanModifySearchSettings>
          <CanModifyRequirementLevelSettings>1</CanModifyRequirementLevelSettings>
          <CanModifyAdditionalSettings>1</CanModifyAdditionalSettings>
          <Format>datetime</Format>
          <Behavior>1</Behavior>
          <displaynames>
            <displayname description="Created On" languagecode="1033" />
          </displaynames>
          <Descriptions>
            <Description description="Date and time when the record was created." languagecode="1033" />
          </Descriptions>
        </attribute>
        <attribute PhysicalName="CreatedOnBehalfBy">
          <Type>lookup</Type>
          <Name>createdonbehalfby</Name>
          <LogicalName>createdonbehalfby</LogicalName>
          <RequiredLevel>none</RequiredLevel>
          <DisplayMask>ValidForAdvancedFind</DisplayMask>
          <IsValidForCreate>0</IsValidForCreate>
          <IsValidForRead>1</IsValidForRead>
          <IsValidForUpdate>0</IsValidForUpdate>
          <IsCustomField>0</IsCustomField>
          <IsAuditEnabled>0</IsAuditEnabled>
          <IsSecured>0</IsSecured>
          <IntroducedVersion>1.0.0.0</IntroducedVersion>
          <IsCustomizable>1</IsCustomizable>
          <IsRenameable>1</IsRenameable>
          <CanModifySearchSettings>1</CanModifySearchSettings>
          <CanModifyRequirementLevelSettings>1</CanModifyRequirementLevelSettings>
          <CanModifyAdditionalSettings>1</CanModifyAdditionalSettings>
          <LookupStyle>single</LookupStyle>
          <LookupTypes />
          <displaynames>
            <displayname description="Created By (Delegate)" languagecode="1033" />
          </displaynames>
          <Descriptions>
            <Description description="Unique identifier of the delegate user who created the record." languagecode="1033" />
          </Descriptions>
        </attribute>
        <attribute PhysicalName="ImportSequenceNumber">
          <Type>int</Type>
          <Name>importsequencenumber</Name>
          <LogicalName>importsequencenumber</LogicalName>
          <RequiredLevel>none</RequiredLevel>
          <DisplayMask>ValidForAdvancedFind</DisplayMask>
          <IsValidForCreate>1</IsValidForCreate>
          <IsValidForRead>1</IsValidForRead>
          <IsValidForUpdate>0</IsValidForUpdate>
          <IsCustomField>0</IsCustomField>
          <IsAuditEnabled>1</IsAuditEnabled>
          <IsSecured>0</IsSecured>
          <IntroducedVersion>1.0.0.0</IntroducedVersion>
          <IsCustomizable>1</IsCustomizable>
          <IsRenameable>1</IsRenameable>
          <CanModifySearchSettings>1</CanModifySearchSettings>
          <CanModifyRequirementLevelSettings>1</CanModifyRequirementLevelSettings>
          <CanModifyAdditionalSettings>1</CanModifyAdditionalSettings>
          <MinValue>-2147483648</MinValue>
          <MaxValue>2147483647</MaxValue>
          <displaynames>
            <displayname description="Import Sequence Number" languagecode="1033" />
          </displaynames>
          <Descriptions>
            <Description description="Sequence number of the import that created this record." languagecode="1033" />
          </Descriptions>
        </attribute>
        <attribute PhysicalName="ModifiedBy">
          <Type>lookup</Type>
          <Name>modifiedby</Name>
          <LogicalName>modifiedby</LogicalName>
          <RequiredLevel>none</RequiredLevel>
          <DisplayMask>ValidForAdvancedFind</DisplayMask>
          <IsValidForCreate>0</IsValidForCreate>
          <IsValidForRead>1</IsValidForRead>
          <IsValidForUpdate>0</IsValidForUpdate>
          <IsCustomField>0</IsCustomField>
          <IsAuditEnabled>0</IsAuditEnabled>
          <IsSecured>0</IsSecured>
          <IntroducedVersion>1.0.0.0</IntroducedVersion>
          <IsCustomizable>1</IsCustomizable>
          <IsRenameable>1</IsRenameable>
          <CanModifySearchSettings>1</CanModifySearchSettings>
          <CanModifyRequirementLevelSettings>1</CanModifyRequirementLevelSettings>
          <CanModifyAdditionalSettings>1</CanModifyAdditionalSettings>
          <LookupStyle>single</LookupStyle>
          <LookupTypes />
          <displaynames>
            <displayname description="Modified By" languagecode="1033" />
          </displaynames>
          <Descriptions>
            <Description description="Unique identifier of the user who modified the record." languagecode="1033" />
          </Descriptions>
        </attribute>
        <attribute PhysicalName="ModifiedOn">
          <Type>datetime</Type>
          <Name>modifiedon</Name>
          <LogicalName>modifiedon</LogicalName>
          <RequiredLevel>none</RequiredLevel>
          <DisplayMask>ValidForAdvancedFind</DisplayMask>
          <IsValidForCreate>0</IsValidForCreate>
          <IsValidForRead>1</IsValidForRead>
          <IsValidForUpdate>0</IsValidForUpdate>
          <IsCustomField>0</IsCustomField>
          <IsAuditEnabled>0</IsAuditEnabled>
          <IsSecured>0</IsSecured>
          <IntroducedVersion>1.0.0.0</IntroducedVersion>
          <IsCustomizable>1</IsCustomizable>
          <IsRenameable>1</IsRenameable>
          <CanModifySearchSettings>1</CanModifySearchSettings>
          <CanModifyRequirementLevelSettings>1</CanModifyRequirementLevelSettings>
          <CanModifyAdditionalSettings>1</CanModifyAdditionalSettings>
          <Format>datetime</Format>
          <Behavior>1</Behavior>
          <displaynames>
            <displayname description="Modified On" languagecode="1033" />
          </displaynames>
          <Descriptions>
            <Description description="Date and time when the record was modified." languagecode="1033" />
          </Descriptions>
        </attribute>
        <attribute PhysicalName="ModifiedOnBehalfBy">
          <Type>lookup</Type>
          <Name>modifiedonbehalfby</Name>
          <LogicalName>modifiedonbehalfby</LogicalName>
          <RequiredLevel>none</RequiredLevel>
          <DisplayMask>ValidForAdvancedFind</DisplayMask>
          <IsValidForCreate>0</IsValidForCreate>
          <IsValidForRead>1</IsValidForRead>
          <IsValidForUpdate>0</IsValidForUpdate>
          <IsCustomField>0</IsCustomField>
          <IsAuditEnabled>0</IsAuditEnabled>
          <IsSecured>0</IsSecured>
          <IntroducedVersion>1.0.0.0</IntroducedVersion>
          <IsCustomizable>1</IsCustomizable>
          <IsRenameable>1</IsRenameable>
          <CanModifySearchSettings>1</CanModifySearchSettings>
          <CanModifyRequirementLevelSettings>1</CanModifyRequirementLevelSettings>
          <CanModifyAdditionalSettings>1</CanModifyAdditionalSettings>
          <LookupStyle>single</LookupStyle>
          <LookupTypes />
          <displaynames>
            <displayname description="Modified By (Delegate)" languagecode="1033" />
          </displaynames>
          <Descriptions>
            <Description description="Unique identifier of the delegate user who modified the record." languagecode="1033" />
          </Descriptions>
        </attribute>
        <attribute PhysicalName="OverriddenCreatedOn">
          <Type>datetime</Type>
          <Name>overriddencreatedon</Name>
          <LogicalName>overriddencreatedon</LogicalName>
          <RequiredLevel>none</RequiredLevel>
          <DisplayMask>ValidForAdvancedFind</DisplayMask>
          <IsValidForCreate>1</IsValidForCreate>
          <IsValidForRead>1</IsValidForRead>
          <IsValidForUpdate>0</IsValidForUpdate>
          <IsCustomField>0</IsCustomField>
          <IsAuditEnabled>1</IsAuditEnabled>
          <IsSecured>0</IsSecured>
          <IntroducedVersion>1.0.0.0</IntroducedVersion>
          <IsCustomizable>1</IsCustomizable>
          <IsRenameable>1</IsRenameable>
          <CanModifySearchSettings>1</CanModifySearchSettings>
          <CanModifyRequirementLevelSettings>1</CanModifyRequirementLevelSettings>
          <CanModifyAdditionalSettings>1</CanModifyAdditionalSettings>
          <Format>datetime</Format>
          <Behavior>1</Behavior>
          <displaynames>
            <displayname description="Record Created On" languagecode="1033" />
          </displaynames>
          <Descriptions>
            <Description description="Date and time that the record was migrated." languagecode="1033" />
          </Descriptions>
        </attribute>
        <attribute PhysicalName="OwnerId">
          <Type>owner</Type>
          <Name>ownerid</Name>
          <LogicalName>ownerid</LogicalName>
          <RequiredLevel>systemrequired</RequiredLevel>
          <DisplayMask>ValidForAdvancedFind</DisplayMask>
          <IsValidForCreate>1</IsValidForCreate>
          <IsValidForRead>1</IsValidForRead>
          <IsValidForUpdate>1</IsValidForUpdate>
          <IsCustomField>0</IsCustomField>
          <IsAuditEnabled>0</IsAuditEnabled>
          <IsSecured>0</IsSecured>
          <IntroducedVersion>1.0.0.0</IntroducedVersion>
          <IsCustomizable>1</IsCustomizable>
          <IsRenameable>1</IsRenameable>
          <CanModifySearchSettings>1</CanModifySearchSettings>
          <CanModifyRequirementLevelSettings>1</CanModifyRequirementLevelSettings>
          <CanModifyAdditionalSettings>1</CanModifyAdditionalSettings>
          <LookupStyle>single</LookupStyle>
          <LookupTypes />
          <displaynames>
            <displayname description="Owner" languagecode="1033" />
          </displaynames>
          <Descriptions>
            <Description description="Owner Id" languagecode="1033" />
          </Descriptions>
        </attribute>
        <attribute PhysicalName="OwningBusinessUnit">
          <Type>lookup</Type>
          <Name>owningbusinessunit</Name>
          <LogicalName>owningbusinessunit</LogicalName>
          <RequiredLevel>none</RequiredLevel>
          <DisplayMask>ValidForAdvancedFind</DisplayMask>
          <IsValidForCreate>0</IsValidForCreate>
          <IsValidForRead>1</IsValidForRead>
          <IsValidForUpdate>0</IsValidForUpdate>
          <IsCustomField>0</IsCustomField>
          <IsAuditEnabled>0</IsAuditEnabled>
          <IsSecured>0</IsSecured>
          <IntroducedVersion>1.0.0.0</IntroducedVersion>
          <IsCustomizable>1</IsCustomizable>
          <IsRenameable>1</IsRenameable>
          <CanModifySearchSettings>1</CanModifySearchSettings>
          <CanModifyRequirementLevelSettings>1</CanModifyRequirementLevelSettings>
          <CanModifyAdditionalSettings>1</CanModifyAdditionalSettings>
          <LookupStyle>single</LookupStyle>
          <LookupTypes />
          <displaynames>
            <displayname description="Owning Business Unit" languagecode="1033" />
          </displaynames>
          <Descriptions>
            <Description description="Unique identifier for the business unit that owns the record" languagecode="1033" />
          </Descriptions>
        </attribute>
        <attribute PhysicalName="OwningTeam">
          <Type>lookup</Type>
          <Name>owningteam</Name>
          <LogicalName>owningteam</LogicalName>
          <RequiredLevel>none</RequiredLevel>
          <DisplayMask>ValidForAdvancedFind</DisplayMask>
          <IsValidForCreate>0</IsValidForCreate>
          <IsValidForRead>1</IsValidForRead>
          <IsValidForUpdate>0</IsValidForUpdate>
          <IsCustomField>0</IsCustomField>
          <IsAuditEnabled>0</IsAuditEnabled>
          <IsSecured>0</IsSecured>
          <IntroducedVersion>1.0.0.0</IntroducedVersion>
          <IsCustomizable>1</IsCustomizable>
          <IsRenameable>1</IsRenameable>
          <CanModifySearchSettings>1</CanModifySearchSettings>
          <CanModifyRequirementLevelSettings>1</CanModifyRequirementLevelSettings>
          <CanModifyAdditionalSettings>1</CanModifyAdditionalSettings>
          <LookupStyle>single</LookupStyle>
          <LookupTypes />
          <displaynames>
            <displayname description="Owning Team" languagecode="1033" />
          </displaynames>
          <Descriptions>
            <Description description="Unique identifier for the team that owns the record." languagecode="1033" />
          </Descriptions>
        </attribute>
        <attribute PhysicalName="OwningUser">
          <Type>lookup</Type>
          <Name>owninguser</Name>
          <LogicalName>owninguser</LogicalName>
          <RequiredLevel>none</RequiredLevel>
          <DisplayMask>ValidForAdvancedFind</DisplayMask>
          <IsValidForCreate>0</IsValidForCreate>
          <IsValidForRead>1</IsValidForRead>
          <IsValidForUpdate>0</IsValidForUpdate>
          <IsCustomField>0</IsCustomField>
          <IsAuditEnabled>0</IsAuditEnabled>
          <IsSecured>0</IsSecured>
          <IntroducedVersion>1.0.0.0</IntroducedVersion>
          <IsCustomizable>1</IsCustomizable>
          <IsRenameable>1</IsRenameable>
          <CanModifySearchSettings>1</CanModifySearchSettings>
          <CanModifyRequirementLevelSettings>1</CanModifyRequirementLevelSettings>
          <CanModifyAdditionalSettings>1</CanModifyAdditionalSettings>
          <LookupStyle>single</LookupStyle>
          <LookupTypes />
          <displaynames>
            <displayname description="Owning User" languagecode="1033" />
          </displaynames>
          <Descriptions>
            <Description description="Unique identifier for the user that owns the record." languagecode="1033" />
          </Descriptions>
        </attribute>
        <attribute PhysicalName="statecode">
          <Type>state</Type>
          <Name>statecode</Name>
          <LogicalName>statecode</LogicalName>
          <RequiredLevel>systemrequired</RequiredLevel>
          <DisplayMask>ValidForAdvancedFind</DisplayMask>
          <IsValidForCreate>0</IsValidForCreate>
          <IsValidForRead>1</IsValidForRead>
          <IsValidForUpdate>1</IsValidForUpdate>
          <IsCustomField>0</IsCustomField>
          <IsAuditEnabled>0</IsAuditEnabled>
          <IsSecured>0</IsSecured>
          <IntroducedVersion>1.0.0.0</IntroducedVersion>
          <IsCustomizable>1</IsCustomizable>
          <IsRenameable>1</IsRenameable>
          <CanModifySearchSettings>1</CanModifySearchSettings>
          <CanModifyRequirementLevelSettings>1</CanModifyRequirementLevelSettings>
          <CanModifyAdditionalSettings>1</CanModifyAdditionalSettings>
          <displaynames>
            <displayname description="Status" languagecode="1033" />
          </displaynames>
          <Descriptions>
            <Description description="Status of the record" languagecode="1033" />
          </Descriptions>
          <optionset Name="pm_goal_statecode">
            <OptionSetType>state</OptionSetType>
            <IntroducedVersion>1.0.0.0</IntroducedVersion>
            <IsCustomizable>1</IsCustomizable>
            <IsGlobal>0</IsGlobal>
            <options>
              <option value="0" defaultstatus="1">
                <labels>
                  <label description="Active" languagecode="1033" />
                </labels>
              </option>
              <option value="1" defaultstatus="2">
                <labels>
                  <label description="Inactive" languagecode="1033" />
                </labels>
              </option>
            </options>
          </optionset>
        </attribute>
        <attribute PhysicalName="statuscode">
          <Type>status</Type>
          <Name>statuscode</Name>
          <LogicalName>statuscode</LogicalName>
          <RequiredLevel>none</RequiredLevel>
          <DisplayMask>ValidForAdvancedFind</DisplayMask>
          <IsValidForCreate>1</IsValidForCreate>
          <IsValidForRead>1</IsValidForRead>
          <IsValidForUpdate>1</IsValidForUpdate>
          <IsCustomField>0</IsCustomField>
          <IsAuditEnabled>0</IsAuditEnabled>
          <IsSecured>0</IsSecured>
          <IntroducedVersion>1.0.0.0</IntroducedVersion>
          <IsCustomizable>1</IsCustomizable>
          <IsRenameable>1</IsRenameable>
          <CanModifySearchSettings>1</CanModifySearchSettings>
          <CanModifyRequirementLevelSettings>1</CanModifyRequirementLevelSettings>
          <CanModifyAdditionalSettings>1</CanModifyAdditionalSettings>
          <displaynames>
            <displayname description="Status Reason" languagecode="1033" />
          </displaynames>
          <Descriptions>
            <Description description="Reason for the status of the record" languagecode="1033" />
          </Descriptions>
          <optionset Name="pm_goal_statuscode">
            <OptionSetType>status</OptionSetType>
            <IntroducedVersion>1.0.0.0</IntroducedVersion>
            <IsCustomizable>1</IsCustomizable>
            <IsGlobal>0</IsGlobal>
            <options>
              <option value="1" state="0">
                <labels>
                  <label description="Active" languagecode="1033" />
                </labels>
              </option>
              <option value="2" state="1">
                <labels>
                  <label description="Inactive" languagecode="1033" />
                </labels>
              </option>
            </options>
          </optionset>
        </attribute>
        <attribute PhysicalName="TimeZoneRuleVersionNumber">
          <Type>int</Type>
          <Name>timezoneruleversionnumber</Name>
          <LogicalName>timezoneruleversionnumber</LogicalName>
          <RequiredLevel>none</RequiredLevel>
          <DisplayMask>ValidForAdvancedFind</DisplayMask>
          <IsValidForCreate>1</IsValidForCreate>
          <IsValidForRead>1</IsValidForRead>
          <IsValidForUpdate>1</IsValidForUpdate>
          <IsCustomField>0</IsCustomField>
          <IsAuditEnabled>1</IsAuditEnabled>
          <IsSecured>0</IsSecured>
          <IntroducedVersion>1.0.0.0</IntroducedVersion>
          <IsCustomizable>1</IsCustomizable>
          <IsRenameable>1</IsRenameable>
          <CanModifySearchSettings>1</CanModifySearchSettings>
          <CanModifyRequirementLevelSettings>1</CanModifyRequirementLevelSettings>
          <CanModifyAdditionalSettings>1</CanModifyAdditionalSettings>
          <MinValue>-1</MinValue>
          <MaxValue>2147483647</MaxValue>
          <displaynames>
            <displayname description="Time Zone Rule Version Number" languagecode="1033" />
          </displaynames>
          <Descriptions>
            <Description description="For internal use only." languagecode="1033" />
          </Descriptions>
        </attribute>
        <attribute PhysicalName="UTCConversionTimeZoneCode">
          <Type>int</Type>
          <Name>utcconversiontimezonecode</Name>
          <LogicalName>utcconversiontimezonecode</LogicalName>
          <RequiredLevel>none</RequiredLevel>
          <DisplayMask>ValidForAdvancedFind</DisplayMask>
          <IsValidForCreate>1</IsValidForCreate>
          <IsValidForRead>1</IsValidForRead>
          <IsValidForUpdate>1</IsValidForUpdate>
          <IsCustomField>0</IsCustomField>
          <IsAuditEnabled>1</IsAuditEnabled>
          <IsSecured>0</IsSecured>
          <IntroducedVersion>1.0.0.0</IntroducedVersion>
          <IsCustomizable>1</IsCustomizable>
          <IsRenameable>1</IsRenameable>
          <CanModifySearchSettings>1</CanModifySearchSettings>
          <CanModifyRequirementLevelSettings>1</CanModifyRequirementLevelSettings>
          <CanModifyAdditionalSettings>1</CanModifyAdditionalSettings>
          <MinValue>-1</MinValue>
          <MaxValue>2147483647</MaxValue>
          <displaynames>
            <displayname description="UTC Conversion Time Zone Code" languagecode="1033" />
          </displaynames>
          <Descriptions>
            <Description description="Time zone code that was in use when the record was created." languagecode="1033" />
          </Descriptions>
        </attribute>
        <attribute PhysicalName="VersionNumber">
          <Type>bigint</Type>
          <Name>versionnumber</Name>
          <LogicalName>versionnumber</LogicalName>
          <RequiredLevel>none</RequiredLevel>
          <DisplayMask>ValidForAdvancedFind</DisplayMask>
          <IsValidForCreate>0</IsValidForCreate>
          <IsValidForRead>1</IsValidForRead>
          <IsValidForUpdate>0</IsValidForUpdate>
          <IsCustomField>0</IsCustomField>
          <IsAuditEnabled>1</IsAuditEnabled>
          <IsSecured>0</IsSecured>
          <IntroducedVersion>1.0.0.0</IntroducedVersion>
          <IsCustomizable>1</IsCustomizable>
          <IsRenameable>1</IsRenameable>
          <CanModifySearchSettings>1</CanModifySearchSettings>
          <CanModifyRequirementLevelSettings>1</CanModifyRequirementLevelSettings>
          <CanModifyAdditionalSettings>1</CanModifyAdditionalSettings>
          <MinValue>-9223372036854775808</MinValue>
          <MaxValue>9223372036854775807</MaxValue>
          <displaynames>
            <displayname description="Version Number" languagecode="1033" />
          </displaynames>
          <Descriptions>
            <Description description="Version Number" languagecode="1033" />
          </Descriptions>
        </attribute>

      </attributes>
    </entity>
  </EntityInfo>
  <FormXml />
  <SavedQueries />
</Entity>
