<ImportExportXml version="9.2.22104.224" SolutionPackageVersion="9.2" languagecode="1033" generatedBy="CrmLive" xmlns:xsi="http://www.w3.org/2001/XMLSchema-instance">
  <SolutionManifest>
    <UniqueName>MSFT_EmployeeIdeas</UniqueName>
    <LocalizedNames>
      <LocalizedName description="Employee Ideas" languagecode="1033" />
    </LocalizedNames>
    <Descriptions />
    <Version>1.0.548.3</Version>
    <Managed>1</Managed>
    <Publisher>
      <UniqueName>microsoftdynamics</UniqueName>
      <LocalizedNames>
        <LocalizedName description="Dynamics 365" languagecode="1033" />
      </LocalizedNames>
      <Descriptions>
        <Description description="Dynamics 365" languagecode="1033" />
      </Descriptions>
      <EMailAddress xsi:nil="true"></EMailAddress>
      <SupportingWebsiteUrl>http://crm.dynamics.com</SupportingWebsiteUrl>
      <CustomizationPrefix>msdyn</CustomizationPrefix>
      <CustomizationOptionValuePrefix>19235</CustomizationOptionValuePrefix>
      <Addresses>
        <Address>
          <AddressNumber>1</AddressNumber>
          <AddressTypeCode>1</AddressTypeCode>
          <City xsi:nil="true"></City>
          <County xsi:nil="true"></County>
          <Country xsi:nil="true"></Country>
          <Fax xsi:nil="true"></Fax>
          <FreightTermsCode xsi:nil="true"></FreightTermsCode>
          <ImportSequenceNumber xsi:nil="true"></ImportSequenceNumber>
          <Latitude xsi:nil="true"></Latitude>
          <Line1 xsi:nil="true"></Line1>
          <Line2 xsi:nil="true"></Line2>
          <Line3 xsi:nil="true"></Line3>
          <Longitude xsi:nil="true"></Longitude>
          <Name xsi:nil="true"></Name>
          <PostalCode xsi:nil="true"></PostalCode>
          <PostOfficeBox xsi:nil="true"></PostOfficeBox>
          <PrimaryContactName xsi:nil="true"></PrimaryContactName>
          <ShippingMethodCode>1</ShippingMethodCode>
          <StateOrProvince xsi:nil="true"></StateOrProvince>
          <Telephone1 xsi:nil="true"></Telephone1>
          <Telephone2 xsi:nil="true"></Telephone2>
          <Telephone3 xsi:nil="true"></Telephone3>
          <TimeZoneRuleVersionNumber xsi:nil="true"></TimeZoneRuleVersionNumber>
          <UPSZone xsi:nil="true"></UPSZone>
          <UTCOffset xsi:nil="true"></UTCOffset>
          <UTCConversionTimeZoneCode xsi:nil="true"></UTCConversionTimeZoneCode>
        </Address>
        <Address>
          <AddressNumber>2</AddressNumber>
          <AddressTypeCode>1</AddressTypeCode>
          <City xsi:nil="true"></City>
          <County xsi:nil="true"></County>
          <Country xsi:nil="true"></Country>
          <Fax xsi:nil="true"></Fax>
          <FreightTermsCode xsi:nil="true"></FreightTermsCode>
          <ImportSequenceNumber xsi:nil="true"></ImportSequenceNumber>
          <Latitude xsi:nil="true"></Latitude>
          <Line1 xsi:nil="true"></Line1>
          <Line2 xsi:nil="true"></Line2>
          <Line3 xsi:nil="true"></Line3>
          <Longitude xsi:nil="true"></Longitude>
          <Name xsi:nil="true"></Name>
          <PostalCode xsi:nil="true"></PostalCode>
          <PostOfficeBox xsi:nil="true"></PostOfficeBox>
          <PrimaryContactName xsi:nil="true"></PrimaryContactName>
          <ShippingMethodCode>1</ShippingMethodCode>
          <StateOrProvince xsi:nil="true"></StateOrProvince>
          <Telephone1 xsi:nil="true"></Telephone1>
          <Telephone2 xsi:nil="true"></Telephone2>
          <Telephone3 xsi:nil="true"></Telephone3>
          <TimeZoneRuleVersionNumber xsi:nil="true"></TimeZoneRuleVersionNumber>
          <UPSZone xsi:nil="true"></UPSZone>
          <UTCOffset xsi:nil="true"></UTCOffset>
          <UTCConversionTimeZoneCode xsi:nil="true"></UTCConversionTimeZoneCode>
        </Address>
      </Addresses>
    </Publisher>
    <RootComponents>
      <RootComponent type="1" schemaName="msft_employeeidea" behavior="0" />
      <RootComponent type="1" schemaName="msft_employeeideasusersetting" behavior="0" />
      <RootComponent type="1" schemaName="msft_employeeidea_campaign" behavior="0" />
      <RootComponent type="1" schemaName="msft_employeeidea_file" behavior="0" />
      <RootComponent type="1" schemaName="msft_employeeidea_image" behavior="0" />
      <RootComponent type="1" schemaName="msft_employeeidea_question" behavior="0" />
      <RootComponent type="1" schemaName="msft_employeeidea_response" behavior="0" />
      <RootComponent type="1" schemaName="msft_employeeidea_settings" behavior="0" />
      <RootComponent type="1" schemaName="systemuser" behavior="2" />
      <RootComponent type="9" schemaName="msft_employeeidea_campaignstatuscode" behavior="0" />
      <RootComponent type="9" schemaName="msft_employeeidea_outcomecode" behavior="0" />
      <RootComponent type="9" schemaName="msft_employeeidea_responsetypecode" behavior="0" />
      <RootComponent type="300" schemaName="msft_employeeideasmanager_f172c" behavior="0" />
      <RootComponent type="300" schemaName="msft_employeeideas_955d7" behavior="0" />
      <RootComponent type="431" schemaName="msft_employeeidea msft_coverimage" behavior="0" />
      <RootComponent type="431" schemaName="msft_employeeidea_campaign msft_coverimage" behavior="0" />
      <RootComponent type="431" schemaName="msft_employeeidea_image msft_image" behavior="0" />
      <RootComponent type="432" schemaName="msft_employeeidea" behavior="0" />
      <RootComponent type="432" schemaName="msft_employeeidea_campaign" behavior="0" />
      <RootComponent type="432" schemaName="msft_employeeidea_image" behavior="0" />
    </RootComponents>
    <MissingDependencies />
  </SolutionManifest>
</ImportExportXml>