{
  "$schema": "https://developer.microsoft.com/en-us/json-schemas/teams/v1.7/MicrosoftTeams.Localization.schema.json",
  "_$schema.comment": "{locked} - do not translate",
  "name.short": "Boards",
  "_name.short.comment": "{maxlength=30}",
  "name.full": "Boards Power App",
  "_name.full.comment": "{maxlength=100}",
  "description.short": "A central place for organizing things in Microsoft Teams",
  "_description.short.comment": "{maxlength=80}",
  "description.full": "Boards helps you and your team stay organized by enabling members of the team to pin relevant information that is spread across multiple chats, teams, files etc. in one place. Pins related to a single topic can be organized cleanly by topic under Boards, enabling content discovery and organization efficient and seamless for you and your teammates. And since this is a template app built on Microsoft Power Platform, you can extend it to your unique use case with the ease of low code development.",
  "_description.full.comment": "{maxlength=4000}",
  "activities.activityTypes[1].description": "Installation Success Activity",
  "_activities.activityTypes[1].description.comment": "{maxlength=128}",
  "activities.activityTypes[2].description": "Installation Failure Activity",
  "_activities.activityTypes[2].description.comment": "{maxlength=128}",
  "activities.activityTypes[1].templateText": "{actor} installed successfully.",
  "_activities.activityTypes[1].templateText.comment": "{maxlength=128}",
  "activities.activityTypes[2].templateText": "{actor} failed to install.",
  "_activities.activityTypes[2].templateText.comment": "{maxlength=128}"
}